Workbook

Sheet README
A1: Corporate Travel Programme Analytics — Synthetic Dataset
A2: Dataset purpose | B2: Portfolio project for analysing corporate travel cost, policy compliance, supplier usage, trip changes/cancellations, service performance and traveller experience using Excel, SQL and Power BI/Tableau.
A3: Period | B3: 1 May 2026 – 31 July 2026
A4: Travellers | B4: 160
A5: Trips | B5: 582
A6: Change events | B6: 100
A7: Cancellation events | B7: 36
A8: Data status | B8: 100% synthetic. Real supplier brand names are used only to make the fictional scenario easier to understand. Preferred-supplier status and all performance/cost data are fictional.
A10: BUSINESS PROBLEM
A11: Primary problem | B11: Corporate travel programmes can lose money through late booking, off-channel booking, itinerary changes, cancellations and weak preferred-supplier adoption, while service issues can reduce traveller satisfaction.
A12: Objective 1 | B12: Identify where travel spend is concentrated and which booking behaviours are associated with higher cost.
A13: Objective 2 | B13: Measure policy compliance and identify departments, offices or channels with higher non-compliance.
A14: Objective 3 | B14: Assess preferred airline/hotel usage and identify opportunities to consolidate spend.
A15: Objective 4 | B15: Measure the cost impact of itinerary changes and cancellations, including how much cancelled spend is recovered through refunds.
A16: Objective 5 | B16: Compare TMC/OBT service performance against targets and investigate links with traveller satisfaction.
A17: Objective 6 | B17: Quantify travel-related CO2 patterns and identify high-emission routes or travel behaviours.
A19: KEY DEFINITIONS
A20: One row in Trips | B20: One complete business trip from the traveller's home office to a destination and back. departure_date and return_date define the trip period.
A21: Trip purpose | B21: Reason for travel: Client meeting, Project work, Internal meeting, Training, Conference / Event, Team building, Recruitment / Interview or Other.
A22: Booking lead time | B22: Days between booking_date and departure_date. In this synthetic scenario, late bookings tend to cost more.
A23: Booking channel | B23: Online Booking Tool = preferred self-service channel; TMC Assisted = supported by a travel management company; Direct Supplier = booked directly with airline/hotel; Other = non-standard channel.
A24: Policy compliant | B24: Yes/No indicator showing whether the trip followed the fictional travel policy. Very late and off-channel bookings are more likely to be non-compliant.
A25: Changed | B25: Yes if at least one detailed event exists in Trip Changes.
A26: Cancelled | B26: Yes if a detailed cancellation event exists in Trip Cancellations.
A27: Change cost | B27: Additional cost created by itinerary amendments/rebooking. A trip can have more than one change event.
A28: Cancellation fee | B28: Fee charged when a trip is cancelled.
A29: Refund received | B29: Money recovered after cancellation for unused travel/hotel value.
A30: Original trip cost | B30: Air/rail + hotel + ground transport before any changes, cancellation fees or refunds.
A31: Final trip cost | B31: Original trip cost + change costs + cancellation fees - refunds received.
... A40: CO2 kg | B40: Illustrative estimate only: air = 0.15 kg per passenger-km; rail = 0.04 kg per passenger-km. Not suitable for formal emissions reporting.
A42: TABLE GUIDE
A43: Trips | B43: Fact table: one row per complete business trip. Summary change/cancellation costs are formula-driven from the event tables.
A44: Travellers | B44: Fictional traveller dimension with home office, department and grade.
A45: Airlines | B45: Airline dimension using real brand names; preferred status is fictional.
A46: Hotels | B46: Hotel dimension using real brand names; preferred status is fictional.
A47: Trip Changes | B47: Event table: one row per itinerary-change event. Multiple rows can relate to one trip.
A48: Trip Cancellations | B48: Event table: one row per cancellation event, including cancellation fee and refund received.
A49: Service Performance | B49: Monthly fictional target vs actual TMC and online-booking metrics.
A50: Traveller Feedback | B50: Short post-trip survey linked to Trips by trip_id. Only a minority of travellers submit feedback.
A51: Feedback response rate | B51: 41.1% in this synthetic dataset. This is intentionally below 50% to reflect low survey participation.
A52: Overall trip rating | B52: Overall satisfaction with the business trip experience.
A53: Booking experience rating | B53: Satisfaction with the booking process, whether self-booked or assisted.
A54: Travel support rating | B54: Satisfaction with help and communication from the travel support function/TMC where relevant.
... A58: Important analytical caveat | B58: Feedback is not a random census: travellers with very positive or very negative experiences are slightly more likely to respond, creating potential response bias.

Sheet Executive Summary
A1: EXECUTIVE SUMMARY
A2: Corporate travel programme performance | May-July 2026
A6: Total Trips: | B6: Total Spend: | C6: Avg Trip Cost: | D6: Policy Compliance: | E6: Changed Trips: | F6: Cancelled Trips: | G6: Avg Traveller Rating (1-5): | H6: Total CO₂ Emissions, kg:
A7: ='Spend & Booking Analysis'!A7 -> 582 | B7: ='Spend & Booking Analysis'!B7 -> 580808.63 | C7: ='Spend & Booking Analysis'!C7 -> 997.95297 | D7: ='Compliance Analysis'!A7 -> 0.43127148 | E7: =Changes_Cancellations_Analysis!B7 -> 0.1443299 | F7: =Changes_Cancellations_Analysis!E7 -> 0.06185567 | G7: ='Feedback & SP Analysis'!C7 -> 4.209205 | H7: =Sustainability_Analysis!A7 -> 356259.4
A11: Key Findings:
A12: 1. July had the highest travel spend and average trip cost.
A14: 2. International trips cost more than twice as much as domestic trips on average.
A16: 3. Earlier booking was generally associated with lower airfare costs.
A18: 4. Overall calculated policy compliance was 43.1%; hotel-rate violations and off-channel booking were the main issues.
A20: 5. Preferred supplier adoption remained strong at 94.1% for airlines and 88.6% for hotels.
A22: 6. 14.4% of trips were changed; flight rebooking accounted for about 53% of change costs.
A24: 7. Traveller satisfaction remained strong at 4.21/5, but TMC SLA and CSAT declined over the period.
A26: 8. Air travel accounted for 99.3% of estimated CO₂ emissions.
A29: Recommendations:
A30: 1. Introduce destination- or market-based hotel caps instead of one flat rate.
A32: 2. Encourage earlier booking where business needs allow.
... A40: 6. Consider rail substitution and CO₂ impact when reviewing suitable short-haul routes.

Sheet Policy Reference
A1: rule_area | B1: condition | C1: policy_rule
A2: Booking Channel | B2: All trips | C2: Use Online Booking Tool or TMC Assisted
A3: Hotel Rate | B3: UK / US / high-cost markets | C3: Max £220 per night
A4: Hotel Rate | B4: Standard-cost markets | C4: Max £180 per night
A5: Air Cabin | B5: Air travel | C5: Economy
A6: Rail Class | B6: Rail travel | C6: Standard / 2nd class
A7: Advance Booking | B7: All trips | C7: Recommended 14+ days; KPI only, not automatic non-compliance

Sheet Trips_Raw
A1: trip_id | B1: employee_id | C1: home_office | D1: department | E1: grade | F1: trip_purpose | G1: booking_date | H1: departure_date | I1: return_date | J1: travel_month | K1: origin | L1: destination | M1: trip_type | N1: travel_mode | O1: distance_km | P1: booking_lead_days | Q1: booking_channel | R1: airline_id | S1: hotel_id | T1: airfare_gbp | U1: rail_cost_gbp | V1: hotel_nights | W1: hotel_cost_gbp | X1: ground_transport_gbp | Y1: original_trip_cost_gbp | Z1: changed | AA1: cancelled | AB1: total_change_cost_gbp | AC1: total_cancellation_fee_gbp | AD1: refund_received_gbp | AE1: final_trip_cost_gbp | AF1: policy_compliant | AG1: csat_score | AH1: co2_kg | AI1: feedback_submitted
A2: T00001 | B2: E0001 | C2: Aberdeen | D2: Technology | E2: Senior Manager | F2: Client meeting | G2: 46176 | H2: 46189 | I2: 46192 | J2: 2026-06 | K2: Aberdeen | L2: Manchester | M2: Domestic | N2: Rail | O2: 1010 | P2: 13 | Q2: Online Booking Tool | S2: H06 | T2: 0 | U2: 182.55 | V2: 2 | W2: 327.67 | X2: 56.62 | Y2: 566.84 | Z2: No | AA2: No | AB2: =SUMIF('Trip Changes'!$B:$B,A2,'Trip Changes'!$E:$E) -> 0 | AC2: =SUMIF('Trip Cancellations'!$B:$B,A2,'Trip Cancellations'!$E:$E) -> 0 | AD2: =SUMIF('Trip Cancellations'!$B:$B,A2,'Trip Cancellations'!$F:$F) -> 0 | AE2: =Y2+AB2+AC2-AD2 -> 566.84 | AF2: Yes | AG2: 5 | AH2: 40.4 | AI2: Yes
A3: T00002 | B3: E0001 | C3: Aberdeen | D3: Technology | E3: Senior Manager | F3: Client meeting | G3: 46224 | H3: 46226 | I3: 46230 | J3: 2026-07 | K3: Aberdeen | L3: Frankfurt | M3: International | N3: Air | O3: 1390 | P3: 2 | Q3: Online Booking Tool | R3: A01 | S3: H02 | T3: 480.08 | U3: 0 | V3: 3 | W3: 561.27 | X3: 59 | Y3: 1100.35 | Z3: No | AA3: No | AB3: =SUMIF('Trip Changes'!$B:$B,A3,'Trip Changes'!$E:$E) -> 0 | AC3: =SUMIF('Trip Cancellations'!$B:$B,A3,'Trip Cancellations'!$E:$E) -> 0 | AD3: =SUMIF('Trip Cancellations'!$B:$B,A3,'Trip Cancellations'!$F:$F) -> 0 | AE3: =Y3+AB3+AC3-AD3 -> 1100.35 | AF3: Yes | AG3: 4 | AH3: 208.5 | AI3: No
A4: T00003 | B4: E0001 | C4: Aberdeen | D4: Technology | E4: Senior Manager | F4: Internal meeting | G4: 46169 | H4: 46178 | I4: 46182 | J4: 2026-06 | K4: Aberdeen | L4: Milan | M4: International | N4: Air | O4: 1900 | P4: 9 | Q4: TMC Assisted | R4: A05 | S4: H02 | T4: 416.18 | U4: 0 | V4: 3 | W4: 637.56 | X4: 140.94 | Y4: 1194.68 | Z4: No | AA4: No | AB4: =SUMIF('Trip Changes'!$B:$B,A4,'Trip Changes'!$E:$E) -> 0 | AC4: =SUMIF('Trip Cancellations'!$B:$B,A4,'Trip Cancellations'!$E:$E) -> 0 | AD4: =SUMIF('Trip Cancellations'!$B:$B,A4,'Trip Cancellations'!$F:$F) -> 0 | AE4: =Y4+AB4+AC4-AD4 -> 1194.68 | AF4: Yes | AG4: 5 | AH4: 285 | AI4: Yes
A5: T00004 | B5: E0001 | C5: Aberdeen | D5: Technology | E5: Senior Manager | F5: Project work | G5: 46139 | H5: 46153 | I5: 46155 | J5: 2026-05 | K5: Aberdeen | L5: Frankfurt | M5: International | N5: Air | O5: 1676 | P5: 14 | Q5: Online Booking Tool | R5: A01 | S5: H01 | T5: 261.15 | U5: 0 | V5: 1 | W5: 267.93 | X5: 132.51 | Y5: 661.59 | Z5: No | AA5: No | AB5: =SUMIF('Trip Changes'!$B:$B,A5,'Trip Changes'!$E:$E) -> 0 | AC5: =SUMIF('Trip Cancellations'!$B:$B,A5,'Trip Cancellations'!$E:$E) -> 0 | AD5: =SUMIF('Trip Cancellations'!$B:$B,A5,'Trip Cancellations'!$F:$F) -> 0 | AE5: =Y5+AB5+AC5-AD5 -> 661.59 | AF5: Yes | AG5: 4 | AH5: 251.4 | AI5: No
A6: T00005 | B6: E0002 | C6: Reading | D6: Audit & Assurance | E6: Manager | F6: Conference / Event | G6: 46114 | H6: 46146 | I6: 46149 | J6: 2026-05 | K6: Reading | L6: Berlin | M6: International | N6: Air | O6: 1146 | P6: 32 | Q6: TMC Assisted | R6: A04 | S6: H04 | T6: 502.93 | U6: 0 | V6: 2 | W6: 277.1 | X6: 65.55 | Y6: 845.58 | Z6: No | AA6: No | AB6: =SUMIF('Trip Changes'!$B:$B,A6,'Trip Changes'!$E:$E) -> 0 | AC6: =SUMIF('Trip Cancellations'!$B:$B,A6,'Trip Cancellations'!$E:$E) -> 0 | AD6: =SUMIF('Trip Cancellations'!$B:$B,A6,'Trip Cancellations'!$F:$F) -> 0 | AE6: =Y6+AB6+AC6-AD6 -> 845.58 | AF6: Yes | AG6: 5 | AH6: 171.9 | AI6: No
A7: T00006 | B7: E0002 | C7: Reading | D7: Audit & Assurance | E7: Manager | F7: Client meeting | G7: 46153 | H7: 46170 | I7: 46174 | J7: 2026-05 | K7: Reading | L7: Zurich | M7: International | N7: Air | O7: 2472 | P7: 17 | Q7: Online Booking Tool | R7: A02 | S7: H02 | T7: 150 | U7: 0 | V7: 3 | W7: 457.88 | X7: 45.91 | Y7: 653.79 | Z7: No | AA7: No | AB7: =SUMIF('Trip Changes'!$B:$B,A7,'Trip Changes'!$E:$E) -> 0 | AC7: =SUMIF('Trip Cancellations'!$B:$B,A7,'Trip Cancellations'!$E:$E) -> 0 | AD7: =SUMIF('Trip Cancellations'!$B:$B,A7,'Trip Cancellations'!$F:$F) -> 0 | AE7: =Y7+AB7+AC7-AD7 -> 653.79 | AF7: Yes | AG7: 5 | AH7: 370.8 | AI7: No
A8: T00007 | B8: E0002 | C8: Reading | D8: Audit & Assurance | E8: Manager | F8: Team building | G8: 46208 | H8: 46226 | I8: 46231 | J8: 2026-07 | K8: Reading | L8: Dubai | M8: International | N8: Air | O8: 16462 | P8: 18 | Q8: TMC Assisted | R8: A01 | S8: H02 | T8: 1520.77 | U8: 0 | V8: 4 | W8: 1033.5 | X8: 73.48 | Y8: 2627.75 | Z8: No | AA8: No | AB8: =SUMIF('Trip Changes'!$B:$B,A8,'Trip Changes'!$E:$E) -> 0 | AC8: =SUMIF('Trip Cancellations'!$B:$B,A8,'Trip Cancellations'!$E:$E) -> 0 | AD8: =SUMIF('Trip Cancellations'!$B:$B,A8,'Trip Cancellations'!$F:$F) -> 0 | AE8: =Y8+AB8+AC8-AD8 -> 2627.75 | AF8: No | AG8: 5 | AH8: 2469.3 | AI8: No
A9: T00008 | B9: E0002 | C9: Reading | D9: Audit & Assurance | E9: Manager | F9: Recruitment / Interview | G9: 46193 | H9: 46203 | I9: 46205 | J9: 2026-06 | K9: Reading | L9: London | M9: Domestic | N9: Rail | O9: 512 | P9: 10 | Q9: Online Booking Tool | S9: H02 | T9: 0 | U9: 200.83 | V9: 1 | W9: 133.25 | X9: 26.45 | Y9: 360.53 | Z9: No | AA9: No | AB9: =SUMIF('Trip Changes'!$B:$B,A9,'Trip Changes'!$E:$E) -> 0 | AC9: =SUMIF('Trip Cancellations'!$B:$B,A9,'Trip Cancellations'!$E:$E) -> 0 | AD9: =SUMIF('Trip Cancellations'!$B:$B,A9,'Trip Cancellations'!$F:$F) -> 0 | AE9: =Y9+AB9+AC9-AD9 -> 360.53 | AF9: Yes | AG9: 4 | AH9: 20.5 | AI9: No
A10: T00009 | B10: E0003 | C10: Manchester | D10: Technology | E10: Senior Manager | F10: Recruitment / Interview | G10: 46160 | H10: 46184 | I10: 46186 | J10: 2026-06 | K10: Manchester | L10: New York | M10: International | N10: Air | O10: 12978 | P10: 24 | Q10: Online Booking Tool | R10: A07 | S10: H03 | T10: 520 | U10: 0 | V10: 1 | W10: 208.72 | X10: 74.62 | Y10: 803.34 | Z10: No | AA10: No | AB10: =SUMIF('Trip Changes'!$B:$B,A10,'Trip Changes'!$E:$E) -> 0 | AC10: =SUMIF('Trip Cancellations'!$B:$B,A10,'Trip Cancellations'!$E:$E) -> 0 | AD10: =SUMIF('Trip Cancellations'!$B:$B,A10,'Trip Cancellations'!$F:$F) -> 0 | AE10: =Y10+AB10+AC10-AD10 -> 803.34 | AF10: Yes | AG10: 5 | AH10: 1946.7 | AI10: No
A11: T00010 | B11: E0003 | C11: Manchester | D11: Technology | E11: Senior Manager | F11: Training | G11: 46212 | H11: 46224 | I11: 46228 | J11: 2026-07 | K11: Manchester | L11: New York | M11: International | N11: Air | O11: 11812 | P11: 12 | Q11: TMC Assisted | R11: A07 | S11: H05 | T11: 1607.82 | U11: 0 | V11: 3 | W11: 565.67 | X11: 94.45 | Y11: 2267.94 | Z11: No | AA11: Yes | AB11: =SUMIF('Trip Changes'!$B:$B,A11,'Trip Changes'!$E:$E) -> 0 | AC11: =SUMIF('Trip Cancellations'!$B:$B,A11,'Trip Cancellations'!$E:$E) -> 176.35 | AD11: =SUMIF('Trip Cancellations'!$B:$B,A11,'Trip Cancellations'!$F:$F) -> 1086.74 | AE11: =Y11+AB11+AC11-AD11 -> 1357.55 | AF11: Yes | AG11: 3 | AH11: 1771.8 | AI11: Yes
A12: T00011 | B12: E0004 | C12: Birmingham | D12: Corporate Functions | E12: Manager | F12: Internal meeting | G12: 46204 | H12: 46213 | I12: 46216 | J12: 2026-07 | K12: Birmingham | L12: London | M12: Domestic | N12: Rail | O12: 324 | P12: 9 | Q12: Online Booking Tool | S12: H07 | T12: 0 | U12: 171.23 | V12: 2 | W12: 343.72 | X12: 105.02 | Y12: 619.97 | Z12: No | AA12: No | AB12: =SUMIF('Trip Changes'!$B:$B,A12,'Trip Changes'!$E:$E) -> 0 | AC12: =SUMIF('Trip Cancellations'!$B:$B,A12,'Trip Cancellations'!$E:$E) -> 0 | AD12: =SUMIF('Trip Cancellations'!$B:$B,A12,'Trip Cancellations'!$F:$F) -> 0 | AE12: =Y12+AB12+AC12-AD12 -> 619.97 | AF12: Yes | AG12: 4 | AH12: 13 | AI12: No
A13: T00012 | B13: E0004 | C13: Birmingham | D13: Corporate Functions | E13: Manager | F13: Team building | G13: 46186 | H13: 46200 | I13: 46204 | J13: 2026-06 | K13: Birmingham | L13: Chicago | M13: International | N13: Air | O13: 10018 | P13: 14 | Q13: Online Booking Tool | R13: A01 | S13: H04 | T13: 696.01 | U13: 0 | V13: 3 | W13: 521.16 | X13: 112.08 | Y13: 1329.25 | Z13: No | AA13: No | AB13: =SUMIF('Trip Changes'!$B:$B,A13,'Trip Changes'!$E:$E) -> 0 | AC13: =SUMIF('Trip Cancellations'!$B:$B,A13,'Trip Cancellations'!$E:$E) -> 0 | AD13: =SUMIF('Trip Cancellations'!$B:$B,A13,'Trip Cancellations'!$F:$F) -> 0 | AE13: =Y13+AB13+AC13-AD13 -> 1329.25 | AF13: Yes | AG13: 3 | AH13: 1502.7 | AI13: Yes
A14: T00013 | B14: E0004 | C14: Birmingham | D14: Corporate Functions | E14: Manager | F14: Project work | G14: 46167 | H14: 46187 | I14: 46189 | J14: 2026-06 | K14: Birmingham | L14: Dublin | M14: International | N14: Air | O14: 2196 | P14: 20 | Q14: Online Booking Tool | R14: A10 | S14: H02 | T14: 538.24 | U14: 0 | V14: 1 | W14: 124.82 | X14: 114.97 | Y14: 778.03 | Z14: No | AA14: No | AB14: =SUMIF('Trip Changes'!$B:$B,A14,'Trip Changes'!$E:$E) -> 0 | AC14: =SUMIF('Trip Cancellations'!$B:$B,A14,'Trip Cancellations'!$E:$E) -> 0 | AD14: =SUMIF('Trip Cancellations'!$B:$B,A14,'Trip Cancellations'!$F:$F) -> 0 | AE14: =Y14+AB14+AC14-AD14 -> 778.03 | AF14: Yes | AG14: 4 | AH14: 329.4 | AI14: Yes
A15: T00014 | B15: E0005 | C15: Glasgow | D15: Risk Advisory | E15: Partner | F15: Internal meeting | G15: 46171 | H15: 46175 | I15: 46178 | J15: 2026-06 | K15: Glasgow | L15: Birmingham | M15: Domestic | N15: Rail | O15: 466 | P15: 4 | Q15: TMC Assisted | S15: H06 | T15: 0 | U15: 214.9 | V15: 2 | W15: 352.41 | X15: 66.37 | Y15: 633.68 | Z15: No | AA15: No | AB15: =SUMIF('Trip Changes'!$B:$B,A15,'Trip Changes'!$E:$E) -> 0 | AC15: =SUMIF('Trip Cancellations'!$B:$B,A15,'Trip Cancellations'!$E:$E) -> 0 | AD15: =SUMIF('Trip Cancellations'!$B:$B,A15,'Trip Cancellations'!$F:$F) -> 0 | AE15: =Y15+AB15+AC15-AD15 -> 633.68 | AF15: Yes | AG15: 4 | AH15: 18.6 | AI15: No
A16: T00015 | B16: E0005 | C16: Glasgow | D16: Risk Advisory | E16: Partner | F16: Training | G16: 46129 | H16: 46148 | I16: 46150 | J16: 2026-05 | K16: Glasgow | L16: Frankfurt | M16: International | N16: Air | O16: 3248 | P16: 19 | Q16: Other | R16: A04 | S16: H04 | T16: 495.08 | U16: 0 | V16: 1 | W16: 170.56 | X16: 81.71 | Y16: 747.35 | Z16: No | AA16: Yes | AB16: =SUMIF('Trip Changes'!$B:$B,A16,'Trip Changes'!$E:$E) -> 0 | AC16: =SUMIF('Trip Cancellations'!$B:$B,A16,'Trip Cancellations'!$E:$E) -> 56.37 | AD16: =SUMIF('Trip Cancellations'!$B:$B,A16,'Trip Cancellations'!$F:$F) -> 166.41 | AE16: =Y16+AB16+AC16-AD16 -> 637.31 | AF16: Yes | AG16: 3 | AH16: 487.2 | AI16: No
A17: T00016 | B17: E0005 | C17: Glasgow | D17: Risk Advisory | E17: Partner | F17: Training | G17: 46133 | H17: 46143 | I17: 46146 | J17: 2026-05 | K17: Glasgow | L17: Munich | M17: International | N17: Air | O17: 1008 | P17: 10 | Q17: Online Booking Tool | R17: A01 | S17: H05 | T17: 564.55 | U17: 0 | V17: 2 | W17: 314.65 | X17: 58.08 | Y17: 937.28 | Z17: Yes | AA17: No | AB17: =SUMIF('Trip Changes'!$B:$B,A17,'Trip Changes'!$E:$E) -> 323.4 | AC17: =SUMIF('Trip Cancellations'!$B:$B,A17,'Trip Cancellations'!$E:$E) -> 0 | AD17: =SUMIF('Trip Cancellations'!$B:$B,A17,'Trip Cancellations'!$F:$F) -> 0 | AE17: =Y17+AB17+AC17-AD17 -> 1260.68 | AF17: Yes | AG17: 4 | AH17: 151.2 | AI17: Yes
A18: T00017 | B18: E0005 | C18: Glasgow | D18: Risk Advisory | E18: Partner | F18: Client meeting | G18: 46219 | H18: 46234 | I18: 46236 | J18: 2026-07 | K18: Glasgow | L18: Berlin | M18: International | N18: Air | O18: 1742 | P18: 15 | Q18: Online Booking Tool | R18: A04 | S18: H04 | T18: 428.63 | U18: 0 | V18: 1 | W18: 221.58 | X18: 108.19 | Y18: 758.4 | Z18: No | AA18: No | AB18: =SUMIF('Trip Changes'!$B:$B,A18,'Trip Changes'!$E:$E) -> 0 | AC18: =SUMIF('Trip Cancellations'!$B:$B,A18,'Trip Cancellations'!$E:$E) -> 0 | AD18: =SUMIF('Trip Cancellations'!$B:$B,A18,'Trip Cancellations'!$F:$F) -> 0 | AE18: =Y18+AB18+AC18-AD18 -> 758.4 | AF18: Yes | AG18: 5 | AH18: 261.3 | AI18: No
A19: T00018 | B19: E0005 | C19: Glasgow | D19: Risk Advisory | E19: Partner | F19: Project work | G19: 46167 | H19: 46201 | I19: 46203 | J19: 2026-06 | K19: Glasgow | L19: London | M19: Domestic | N19: Rail | O19: 926 | P19: 34 | Q19: TMC Assisted | S19: H06 | T19: 0 | U19: 183.42 | V19: 1 | W19: 173.9 | X19: 23.93 | Y19: 381.25 | Z19: No | AA19: No | AB19: =SUMIF('Trip Changes'!$B:$B,A19,'Trip Changes'!$E:$E) -> 0 | AC19: =SUMIF('Trip Cancellations'!$B:$B,A19,'Trip Cancellations'!$E:$E) -> 0 | AD19: =SUMIF('Trip Cancellations'!$B:$B,A19,'Trip Cancellations'!$F:$F) -> 0 | AE19: =Y19+AB19+AC19-AD19 -> 381.25 | AF19: Yes | AG19: 4 | AH19: 37 | AI19: Yes
A20: T00019 | B20: E0006 | C20: London | D20: Technology | E20: Manager | F20: Client meeting | G20: 46163 | H20: 46178 | I20: 46180 | J20: 2026-06 | K20: London | L20: Zurich | M20: International | N20: Air | O20: 3392 | P20: 15 | Q20: Online Booking Tool | R20: A04 | S20: H02 | T20: 404.59 | U20: 0 | V20: 1 | W20: 104.98 | X20: 120.09 | Y20: 629.66 | Z20: No | AA20: No | AB20: =SUMIF('Trip Changes'!$B:$B,A20,'Trip Changes'!$E:$E) -> 0 | AC20: =SUMIF('Trip Cancellations'!$B:$B,A20,'Trip Cancellations'!$E:$E) -> 0 | AD20: =SUMIF('Trip Cancellations'!$B:$B,A20,'Trip Cancellations'!$F:$F) -> 0 | AE20: =Y20+AB20+AC20-AD20 -> 629.66 | AF20: Yes | AG20: 4 | AH20: 508.8 | AI20: No
A21: T00020 | B21: E0006 | C21: London | D21: Technology | E21: Manager | F21: Recruitment / Interview | G21: 46163 | H21: 46175 | I21: 46179 | J21: 2026-06 | K21: London | L21: Copenhagen | M21: International | N21: Air | O21: 3324 | P21: 12 | Q21: Direct Supplier | R21: A05 | S21: H05 | T21: 425.02 | U21: 0 | V21: 3 | W21: 526.8 | X21: 74.85 | Y21: 1026.67 | Z21: No | AA21: No | AB21: =SUMIF('Trip Changes'!$B:$B,A21,'Trip Changes'!$E:$E) -> 0 | AC21: =SUMIF('Trip Cancellations'!$B:$B,A21,'Trip Cancellations'!$E:$E) -> 0 | AD21: =SUMIF('Trip Cancellations'!$B:$B,A21,'Trip Cancellations'!$F:$F) -> 0 | AE21: =Y21+AB21+AC21-AD21 -> 1026.67 | AF21: Yes | AG21: 4 | AH21: 498.6 | AI21: No
A22: T00021 | B22: E0006 | C22: London | D22: Technology | E22: Manager | F22: Client meeting | G22: 46166 | H22: 46191 | I22: 46195 | J22: 2026-06 | K22: London | L22: Zurich | M22: International | N22: Air | O22: 1578 | P22: 25 | Q22: TMC Assisted | R22: A01 | S22: H03 | T22: 262.28 | U22: 0 | V22: 3 | W22: 440.34 | X22: 97.7 | Y22: 800.32 | Z22: No | AA22: No | AB22: =SUMIF('Trip Changes'!$B:$B,A22,'Trip Changes'!$E:$E) -> 0 | AC22: =SUMIF('Trip Cancellations'!$B:$B,A22,'Trip Cancellations'!$E:$E) -> 0 | AD22: =SUMIF('Trip Cancellations'!$B:$B,A22,'Trip Cancellations'!$F:$F) -> 0 | AE22: =Y22+AB22+AC22-AD22 -> 800.32 | AF22: Yes | AG22: 5 | AH22: 236.7 | AI22: Yes
A23: T00022 | B23: E0007 | C23: Newcastle | D23: Risk Advisory | E23: Manager | F23: Client meeting | G23: 46226 | H23: 46227 | I23: 46229 | J23: 2026-07 | K23: Newcastle | L23: Dublin | M23: International | N23: Air | O23: 1762 | P23: 1 | Q23: TMC Assisted | R23: A10 | S23: H04 | T23: 411.87 | U23: 0 | V23: 1 | W23: 92.01 | X23: 93.12 | Y23: 597 | Z23: Yes | AA23: No | AB23: =SUMIF('Trip Changes'!$B:$B,A23,'Trip Changes'!$E:$E) -> 70.28 | AC23: =SUMIF('Trip Cancellations'!$B:$B,A23,'Trip Cancellations'!$E:$E) -> 0 | AD23: =SUMIF('Trip Cancellations'!$B:$B,A23,'Trip Cancellations'!$F:$F) -> 0 | AE23: =Y23+AB23+AC23-AD23 -> 667.28 | AF23: Yes | AG23: 5 | AH23: 264.3 | AI23: No
A24: T00023 | B24: E0007 | C24: Newcastle | D24: Risk Advisory | E24: Manager | F24: Project work | G24: 46135 | H24: 46148 | I24: 46150 | J24: 2026-05 | K24: Newcastle | L24: Manchester | M24: Domestic | N24: Rail | O24: 756 | P24: 13 | Q24: Online Booking Tool | S24: H02 | T24: 0 | U24: 203.34 | V24: 1 | W24: 162.11 | X24: 37.13 | Y24: 402.58 | Z24: Yes | AA24: No | AB24: =SUMIF('Trip Changes'!$B:$B,A24,'Trip Changes'!$E:$E) -> 147.88 | AC24: =SUMIF('Trip Cancellations'!$B:$B,A24,'Trip Cancellations'!$E:$E) -> 0 | AD24: =SUMIF('Trip Cancellations'!$B:$B,A24,'Trip Cancellations'!$F:$F) -> 0 | AE24: =Y24+AB24+AC24-AD24 -> 550.46 | AF24: Yes | AG24: 4 | AH24: 30.2 | AI24: Yes
A25: T00024 | B25: E0007 | C25: Newcastle | D25: Risk Advisory | E25: Manager | F25: Client meeting | G25: 46125 | H25: 46146 | I25: 46152 | J25: 2026-05 | K25: Newcastle | L25: Hong Kong | M25: International | N25: Air | O25: 14602 | P25: 21 | Q25: Online Booking Tool | R25: A01 | S25: H01 | T25: 1301.17 | U25: 0 | V25: 5 | W25: 671.37 | X25: 122.79 | Y25: 2095.33 | Z25: No | AA25: No | AB25: =SUMIF('Trip Changes'!$B:$B,A25,'Trip Changes'!$E:$E) -> 0 | AC25: =SUMIF('Trip Cancellations'!$B:$B,A25,'Trip Cancellations'!$E:$E) -> 0 | AD25: =SUMIF('Trip Cancellations'!$B:$B,A25,'Trip Cancellations'!$F:$F) -> 0 | AE25: =Y25+AB25+AC25-AD25 -> 2095.33 | AF25: Yes | AG25: 3 | AH25: 2190.3 | AI25: No
A26: T00025 | B26: E0007 | C26: Newcastle | D26: Risk Advisory | E26: Manager | F26: Internal meeting | G26: 46214 | H26: 46222 | I26: 46225 | J26: 2026-07 | K26: Newcastle | L26: Amsterdam | M26: International | N26: Air | O26: 1608 | P26: 8 | Q26: Online Booking Tool | R26: A01 | S26: H03 | T26: 449.88 | U26: 0 | V26: 2 | W26: 392.67 | X26: 110.06 | Y26: 952.61 | Z26: No | AA26: No | AB26: =SUMIF('Trip Changes'!$B:$B,A26,'Trip Changes'!$E:$E) -> 0 | AC26: =SUMIF('Trip Cancellations'!$B:$B,A26,'Trip Cancellations'!$E:$E) -> 0 | AD26: =SUMIF('Trip Cancellations'!$B:$B,A26,'Trip Cancellations'!$F:$F) -> 0 | AE26: =Y26+AB26+AC26-AD26 -> 952.61 | AF26: Yes | AG26: 4 | AH26: 241.2 | AI26: No
A27: T00026 | B27: E0007 | C27: Newcastle | D27: Risk Advisory | E27: Manager | F27: Internal meeting | G27: 46189 | H27: 46195 | I27: 46197 | J27: 2026-06 | K27: Newcastle | L27: Brussels | M27: International | N27: Air | O27: 2688 | P27: 6 | Q27: Online Booking Tool | R27: A04 | S27: H04 | T27: 639.1 | U27: 0 | V27: 1 | W27: 231.27 | X27: 77.78 | Y27: 948.15 | Z27: No | AA27: Yes | AB27: =SUMIF('Trip Changes'!$B:$B,A27,'Trip Changes'!$E:$E) -> 0 | AC27: =SUMIF('Trip Cancellations'!$B:$B,A27,'Trip Cancellations'!$E:$E) -> 87.4 | AD27: =SUMIF('Trip Cancellations'!$B:$B,A27,'Trip Cancellations'!$F:$F) -> 783.33 | AE27: =Y27+AB27+AC27-AD27 -> 252.22 | AF27: Yes | AG27: 3 | AH27: 403.2 | AI27: Yes
A28: T00027 | B28: E0008 | C28: Birmingham | D28: Tax & Legal | E28: Manager | F28: Client meeting | G28: 46152 | H28: 46189 | I28: 46190 | J28: 2026-06 | K28: Birmingham | L28: London | M28: Domestic | N28: Rail | O28: 1206 | P28: 37 | Q28: Direct Supplier | T28: 0 | U28: 132.82 | V28: 0 | W28: 0 | X28: 66.98 | Y28: 199.8 | Z28: No | AA28: No | AB28: =SUMIF('Trip Changes'!$B:$B,A28,'Trip Changes'!$E:$E) -> 0 | AC28: =SUMIF('Trip Cancellations'!$B:$B,A28,'Trip Cancellations'!$E:$E) -> 0 | AD28: =SUMIF('Trip Cancellations'!$B:$B,A28,'Trip Cancellations'!$F:$F) -> 0 | AE28: =Y28+AB28+AC28-AD28 -> 199.8 | AF28: No | AG28: 4 | AH28: 48.2 | AI28: Yes
A29: T00028 | B29: E0008 | C29: Birmingham | D29: Tax & Legal | E29: Manager | F29: Client meeting | G29: 46188 | H29: 46222 | I29: 46224 | J29: 2026-07 | K29: Birmingham | L29: Zurich | M29: International | N29: Air | O29: 3192 | P29: 34 | Q29: TMC Assisted | R29: A04 | S29: H02 | T29: 296.59 | U29: 0 | V29: 1 | W29: 135 | X29: 133.91 | Y29: 565.5 | Z29: No | AA29: No | AB29: =SUMIF('Trip Changes'!$B:$B,A29,'Trip Changes'!$E:$E) -> 0 | AC29: =SUMIF('Trip Cancellations'!$B:$B,A29,'Trip Cancellations'!$E:$E) -> 0 | AD29: =SUMIF('Trip Cancellations'!$B:$B,A29,'Trip Cancellations'!$F:$F) -> 0 | AE29: =Y29+AB29+AC29-AD29 -> 565.5 | AF29: Yes | AG29: 4 | AH29: 478.8 | AI29: No
A30: T00029 | B30: E0008 | C30: Birmingham | D30: Tax & Legal | E30: Manager | F30: Recruitment / Interview | G30: 46145 | H30: 46178 | I30: 46183 | J30: 2026-06 | K30: Birmingham | L30: Paris | M30: International | N30: Air | O30: 1044 | P30: 33 | Q30: TMC Assisted | R30: A01 | S30: H01 | T30: 361.93 | U30: 0 | V30: 4 | W30: 676.04 | X30: 52.59 | Y30: 1090.56 | Z30: No | AA30: No | AB30: =SUMIF('Trip Changes'!$B:$B,A30,'Trip Changes'!$E:$E) -> 0 | AC30: =SUMIF('Trip Cancellations'!$B:$B,A30,'Trip Cancellations'!$E:$E) -> 0 | AD30: =SUMIF('Trip Cancellations'!$B:$B,A30,'Trip Cancellations'!$F:$F) -> 0 | AE30: =Y30+AB30+AC30-AD30 -> 1090.56 | AF30: Yes | AG30: 4 | AH30: 156.6 | AI30: No
A31: T00030 | B31: E0008 | C31: Birmingham | D31: Tax & Legal | E31: Manager | F31: Project work | G31: 46179 | H31: 46194 | I31: 46195 | J31: 2026-06 | K31: Birmingham | L31: Glasgow | M31: Domestic | N31: Air | O31: 520 | P31: 15 | Q31: Online Booking Tool | R31: A02 | T31: 278.28 | U31: 0 | V31: 0 | W31: 0 | X31: 67.19 | Y31: 345.47 | Z31: No | AA31: No | AB31: =SUMIF('Trip Changes'!$B:$B,A31,'Trip Changes'!$E:$E) -> 0 | AC31: =SUMIF('Trip Cancellations'!$B:$B,A31,'Trip Cancellations'!$E:$E) -> 0 | AD31: =SUMIF('Trip Cancellations'!$B:$B,A31,'Trip Cancellations'!$F:$F) -> 0 | AE31: =Y31+AB31+AC31-AD31 -> 345.47 | AF31: Yes | AG31: 5 | AH31: 78 | AI31: No
A32: T00031 | B32: E0008 | C32: Birmingham | D32: Tax & Legal | E32: Manager | F32: Client meeting | G32: 46200 | H32: 46201 | I32: 46205 | J32: 2026-06 | K32: Birmingham | L32: Amsterdam | M32: International | N32: Air | O32: 3558 | P32: 1 | Q32: Online Booking Tool | R32: A03 | S32: H02 | T32: 177 | U32: 0 | V32: 3 | W32: 423 | X32: 71.71 | Y32: 671.71 | Z32: No | AA32: No | AB32: =SUMIF('Trip Changes'!$B:$B,A32,'Trip Changes'!$E:$E) -> 0 | AC32: =SUMIF('Trip Cancellations'!$B:$B,A32,'Trip Cancellations'!$E:$E) -> 0 | AD32: =SUMIF('Trip Cancellations'!$B:$B,A32,'Trip Cancellations'!$F:$F) -> 0 | AE32: =Y32+AB32+AC32-AD32 -> 671.71 | AF32: No | AG32: 3 | AH32: 533.7 | AI32: No
A33: T00032 | B33: E0009 | C33: Birmingham | D33: Audit & Assurance | E33: Manager | F33: Project work | G33: 46190 | H33: 46206 | I33: 46209 | J33: 2026-07 | K33: Birmingham | L33: Munich | M33: International | N33: Air | O33: 3384 | P33: 16 | Q33: Online Booking Tool | R33: A01 | S33: H04 | T33: 399.57 | U33: 0 | V33: 2 | W33: 318.67 | X33: 73.68 | Y33: 791.92 | Z33: No | AA33: No | AB33: =SUMIF('Trip Changes'!$B:$B,A33,'Trip Changes'!$E:$E) -> 0 | AC33: =SUMIF('Trip Cancellations'!$B:$B,A33,'Trip Cancellations'!$E:$E) -> 0 | AD33: =SUMIF('Trip Cancellations'!$B:$B,A33,'Trip Cancellations'!$F:$F) -> 0 | AE33: =Y33+AB33+AC33-AD33 -> 791.92 | AF33: Yes | AG33: 5 | AH33: 507.6 | AI33: Yes
A34: T00033 | B34: E0009 | C34: Birmingham | D34: Audit & Assurance | E34: Manager | F34: Other | G34: 46166 | H34: 46169 | I34: 46178 | J34: 2026-05 | K34: Birmingham | L34: Singapore | M34: International | N34: Air | O34: 16768 | P34: 3 | Q34: Online Booking Tool | R34: A01 | S34: H05 | T34: 1614.2 | U34: 0 | V34: 8 | W34: 1617.35 | X34: 66.93 | Y34: 3298.48 | Z34: Yes | AA34: No | AB34: =SUMIF('Trip Changes'!$B:$B,A34,'Trip Changes'!$E:$E) -> 68.12 | AC34: =SUMIF('Trip Cancellations'!$B:$B,A34,'Trip Cancellations'!$E:$E) -> 0 | AD34: =SUMIF('Trip Cancellations'!$B:$B,A34,'Trip Cancellations'!$F:$F) -> 0 | AE34: =Y34+AB34+AC34-AD34 -> 3366.6 | AF34: No | AG34: 4 | AH34: 2515.2 | AI34: No
A35: T00034 | B35: E0010 | C35: Aberdeen | D35: Risk Advisory | E35: Manager | F35: Client meeting | G35: 46201 | H35: 46206 | I35: 46208 | J35: 2026-07 | K35: Aberdeen | L35: Brussels | M35: International | N35: Air | O35: 2394 | P35: 5 | Q35: Online Booking Tool | R35: A03 | S35: H01 | T35: 610.39 | U35: 0 | V35: 1 | W35: 246.82 | X35: 77.77 | Y35: 934.98 | Z35: Yes | AA35: No | AB35: =SUMIF('Trip Changes'!$B:$B,A35,'Trip Changes'!$E:$E) -> 173.75 | AC35: =SUMIF('Trip Cancellations'!$B:$B,A35,'Trip Cancellations'!$E:$E) -> 0 | AD35: =SUMIF('Trip Cancellations'!$B:$B,A35,'Trip Cancellations'!$F:$F) -> 0 | AE35: =Y35+AB35+AC35-AD35 -> 1108.73 | AF35: Yes | AG35: 4 | AH35: 359.1 | AI35: Yes
A36: T00035 | B36: E0010 | C36: Aberdeen | D36: Risk Advisory | E36: Manager | F36: Conference / Event | G36: 46194 | H36: 46214 | I36: 46217 | J36: 2026-07 | K36: Aberdeen | L36: London | M36: Domestic | N36: Rail | O36: 722 | P36: 20 | Q36: Online Booking Tool | S36: H06 | T36: 0 | U36: 141.66 | V36: 2 | W36: 199.05 | X36: 101.17 | Y36: 441.88 | Z36: No | AA36: No | AB36: =SUMIF('Trip Changes'!$B:$B,A36,'Trip Changes'!$E:$E) -> 0 | AC36: =SUMIF('Trip Cancellations'!$B:$B,A36,'Trip Cancellations'!$E:$E) -> 0 | AD36: =SUMIF('Trip Cancellations'!$B:$B,A36,'Trip Cancellations'!$F:$F) -> 0 | AE36: =Y36+AB36+AC36-AD36 -> 441.88 | AF36: Yes | AG36: 5 | AH36: 28.9 | AI36: No
A37: T00036 | B37: E0010 | C37: Aberdeen | D37: Risk Advisory | E37: Manager | F37: Recruitment / Interview | G37: 46128 | H37: 46152 | I37: 46157 | J37: 2026-05 | K37: Aberdeen | L37: Dublin | M37: International | N37: Air | O37: 1404 | P37: 24 | Q37: Direct Supplier | R37: A01 | S37: H03 | T37: 172.11 | U37: 0 | V37: 4 | W37: 651.55 | X37: 101.25 | Y37: 924.91 | Z37: No | AA37: No | AB37: =SUMIF('Trip Changes'!$B:$B,A37,'Trip Changes'!$E:$E) -> 0 | AC37: =SUMIF('Trip Cancellations'!$B:$B,A37,'Trip Cancellations'!$E:$E) -> 0 | AD37: =SUMIF('Trip Cancellations'!$B:$B,A37,'Trip Cancellations'!$F:$F) -> 0 | AE37: =Y37+AB37+AC37-AD37 -> 924.91 | AF37: Yes | AG37: 4 | AH37: 210.6 | AI37: No
A38: T00037 | B38: E0010 | C38: Aberdeen | D38: Risk Advisory | E38: Manager | F38: Internal meeting | G38: 46145 | H38: 46147 | I38: 46150 | J38: 2026-05 | K38: Aberdeen | L38: Dublin | M38: International | N38: Air | O38: 2610 | P38: 2 | Q38: Online Booking Tool | R38: A10 | S38: H01 | T38: 448.21 | U38: 0 | V38: 2 | W38: 357.67 | X38: 68 | Y38: 873.88 | Z38: No | AA38: No | AB38: =SUMIF('Trip Changes'!$B:$B,A38,'Trip Changes'!$E:$E) -> 0 | AC38: =SUMIF('Trip Cancellations'!$B:$B,A38,'Trip Cancellations'!$E:$E) -> 0 | AD38: =SUMIF('Trip Cancellations'!$B:$B,A38,'Trip Cancellations'!$F:$F) -> 0 | AE38: =Y38+AB38+AC38-AD38 -> 873.88 | AF38: Yes | AG38: 4 | AH38: 391.5 | AI38: No
A39: T00038 | B39: E0011 | C39: London | D39: Consulting | E39: Analyst | F39: Project work | G39: 46180 | H39: 46201 | I39: 46203 | J39: 2026-06 | K39: London | L39: Milan | M39: International | N39: Air | O39: 3134 | P39: 21 | Q39: TMC Assisted | R39: A01 | S39: H03 | T39: 454.32 | U39: 0 | V39: 1 | W39: 170.76 | X39: 36.17 | Y39: 661.25 | Z39: No | AA39: Yes | AB39: =SUMIF('Trip Changes'!$B:$B,A39,'Trip Changes'!$E:$E) -> 0 | AC39: =SUMIF('Trip Cancellations'!$B:$B,A39,'Trip Cancellations'!$E:$E) -> 58.97 | AD39: =SUMIF('Trip Cancellations'!$B:$B,A39,'Trip Cancellations'!$F:$F) -> 312.54 | AE39: =Y39+AB39+AC39-AD39 -> 407.68 | AF39: Yes | AG39: 3 | AH39: 470.1 | AI39: Yes
A40: T00039 | B40: E0011 | C40: London | D40: Consulting | E40: Analyst | F40: Training | G40: 46196 | H40: 46212 | I40: 46215 | J40: 2026-07 | K40: London | L40: New York | M40: International | N40: Air | O40: 10758 | P40: 16 | Q40: TMC Assisted | R40: A07 | S40: H05 | T40: 1112.13 | U40: 0 | V40: 2 | W40: 450.96 | X40: 68.89 | Y40: 1631.98 | Z40: Yes | AA40: No | AB40: =SUMIF('Trip Changes'!$B:$B,A40,'Trip Changes'!$E:$E) -> 31.77 | AC40: =SUMIF('Trip Cancellations'!$B:$B,A40,'Trip Cancellations'!$E:$E) -> 0 | AD40: =SUMIF('Trip Cancellations'!$B:$B,A40,'Trip Cancellations'!$F:$F) -> 0 | AE40: =Y40+AB40+AC40-AD40 -> 1663.75 | AF40: Yes | AG40: 3 | AH40: 1613.7 | AI40: Yes
A41: T00040 | B41: E0011 | C41: London | D41: Consulting | E41: Analyst | F41: Client meeting | G41: 46149 | H41: 46181 | I41: 46183 | J41: 2026-06 | K41: London | L41: Manchester | M41: Domestic | N41: Rail | O41: 888 | P41: 32 | Q41: TMC Assisted | S41: H01 | T41: 0 | U41: 289.19 | V41: 1 | W41: 116.57 | X41: 27.31 | Y41: 433.07 | Z41: No | AA41: No | AB41: =SUMIF('Trip Changes'!$B:$B,A41,'Trip Changes'!$E:$E) -> 0 | AC41: =SUMIF('Trip Cancellations'!$B:$B,A41,'Trip Cancellations'!$E:$E) -> 0 | AD41: =SUMIF('Trip Cancellations'!$B:$B,A41,'Trip Cancellations'!$F:$F) -> 0 | AE41: =Y41+AB41+AC41-AD41 -> 433.07 | AF41: Yes | AG41: 5 | AH41: 35.5 | AI41: No
A42: T00041 | B42: E0012 | C42: Glasgow | D42: Technology | E42: Senior Manager | F42: Client meeting | G42: 46151 | H42: 46160 | I42: 46167 | J42: 2026-05 | K42: Glasgow | L42: Dubai | M42: International | N42: Air | O42: 21584 | P42: 9 | Q42: TMC Assisted | R42: A01 | S42: H04 | T42: 1386.59 | U42: 0 | V42: 6 | W42: 1104.63 | X42: 106.45 | Y42: 2597.67 | Z42: No | AA42: No | AB42: =SUMIF('Trip Changes'!$B:$B,A42,'Trip Changes'!$E:$E) -> 0 | AC42: =SUMIF('Trip Cancellations'!$B:$B,A42,'Trip Cancellations'!$E:$E) -> 0 | AD42: =SUMIF('Trip Cancellations'!$B:$B,A42,'Trip Cancellations'!$F:$F) -> 0 | AE42: =Y42+AB42+AC42-AD42 -> 2597.67 | AF42: Yes | AG42: 4 | AH42: 3237.6 | AI42: Yes
A43: T00042 | B43: E0012 | C43: Glasgow | D43: Technology | E43: Senior Manager | F43: Client meeting | G43: 46124 | H43: 46149 | I43: 46151 | J43: 2026-05 | K43: Glasgow | L43: Frankfurt | M43: International | N43: Air | O43: 1294 | P43: 25 | Q43: TMC Assisted | R43: A04 | S43: H01 | T43: 481.12 | U43: 0 | V43: 1 | W43: 144.35 | X43: 104.21 | Y43: 729.68 | Z43: No | AA43: No | AB43: =SUMIF('Trip Changes'!$B:$B,A43,'Trip Changes'!$E:$E) -> 0 | AC43: =SUMIF('Trip Cancellations'!$B:$B,A43,'Trip Cancellations'!$E:$E) -> 0 | AD43: =SUMIF('Trip Cancellations'!$B:$B,A43,'Trip Cancellations'!$F:$F) -> 0 | AE43: =Y43+AB43+AC43-AD43 -> 729.68 | AF43: Yes | AG43: 4 | AH43: 194.1 | AI43: No
A44: T00043 | B44: E0013 | C44: Bristol | D44: Audit & Assurance | E44: Manager | F44: Internal meeting | G44: 46214 | H44: 46222 | I44: 46226 | J44: 2026-07 | K44: Bristol | L44: Frankfurt | M44: International | N44: Air | O44: 2680 | P44: 8 | Q44: Other | R44: A04 | S44: H05 | T44: 635.67 | U44: 0 | V44: 3 | W44: 484.09 | X44: 91.08 | Y44: 1210.84 | Z44: No | AA44: No | AB44: =SUMIF('Trip Changes'!$B:$B,A44,'Trip Changes'!$E:$E) -> 0 | AC44: =SUMIF('Trip Cancellations'!$B:$B,A44,'Trip Cancellations'!$E:$E) -> 0 | AD44: =SUMIF('Trip Cancellations'!$B:$B,A44,'Trip Cancellations'!$F:$F) -> 0 | AE44: =Y44+AB44+AC44-AD44 -> 1210.84 | AF44: Yes | AG44: 4 | AH44: 402 | AI44: No
A45: T00044 | B45: E0013 | C45: Bristol | D45: Audit & Assurance | E45: Manager | F45: Client meeting | G45: 46203 | H45: 46228 | I45: 46230 | J45: 2026-07 | K45: Bristol | L45: Berlin | M45: International | N45: Air | O45: 3590 | P45: 25 | Q45: Online Booking Tool | R45: A04 | S45: H04 | T45: 435.07 | U45: 0 | V45: 1 | W45: 183.38 | X45: 77.02 | Y45: 695.47 | Z45: No | AA45: No | AB45: =SUMIF('Trip Changes'!$B:$B,A45,'Trip Changes'!$E:$E) -> 0 | AC45: =SUMIF('Trip Cancellations'!$B:$B,A45,'Trip Cancellations'!$E:$E) -> 0 | AD45: =SUMIF('Trip Cancellations'!$B:$B,A45,'Trip Cancellations'!$F:$F) -> 0 | AE45: =Y45+AB45+AC45-AD45 -> 695.47 | AF45: No | AG45: 5 | AH45: 538.5 | AI45: Yes
A46: T00045 | B46: E0013 | C46: Bristol | D46: Audit & Assurance | E46: Manager | F46: Project work | G46: 46168 | H46: 46184 | I46: 46186 | J46: 2026-06 | K46: Bristol | L46: London | M46: Domestic | N46: Rail | O46: 874 | P46: 16 | Q46: Online Booking Tool | S46: H01 | T46: 0 | U46: 211.24 | V46: 1 | W46: 158.42 | X46: 24.78 | Y46: 394.44 | Z46: No | AA46: No | AB46: =SUMIF('Trip Changes'!$B:$B,A46,'Trip Changes'!$E:$E) -> 0 | AC46: =SUMIF('Trip Cancellations'!$B:$B,A46,'Trip Cancellations'!$E:$E) -> 0 | AD46: =SUMIF('Trip Cancellations'!$B:$B,A46,'Trip Cancellations'!$F:$F) -> 0 | AE46: =Y46+AB46+AC46-AD46 -> 394.44 | AF46: Yes | AG46: 4 | AH46: 35 | AI46: Yes
A47: T00046 | B47: E0014 | C47: London | D47: Audit & Assurance | E47: Director | F47: Project work | G47: 46129 | H47: 46157 | I47: 46160 | J47: 2026-05 | K47: London | L47: Frankfurt | M47: International | N47: Air | O47: 1872 | P47: 28 | Q47: Online Booking Tool | R47: A01 | S47: H05 | T47: 296.57 | U47: 0 | V47: 2 | W47: 224.02 | X47: 148.17 | Y47: 668.76 | Z47: No | AA47: No | AB47: =SUMIF('Trip Changes'!$B:$B,A47,'Trip Changes'!$E:$E) -> 0 | AC47: =SUMIF('Trip Cancellations'!$B:$B,A47,'Trip Cancellations'!$E:$E) -> 0 | AD47: =SUMIF('Trip Cancellations'!$B:$B,A47,'Trip Cancellations'!$F:$F) -> 0 | AE47: =Y47+AB47+AC47-AD47 -> 668.76 | AF47: Yes | AG47: 4 | AH47: 280.8 | AI47: No
A48: T00047 | B48: E0014 | C48: London | D48: Audit & Assurance | E48: Director | F48: Internal meeting | G48: 46221 | H48: 46231 | I48: 46233 | J48: 2026-07 | K48: London | L48: Madrid | M48: International | N48: Air | O48: 2850 | P48: 10 | Q48: Online Booking Tool | R48: A05 | S48: H01 | T48: 454.66 | U48: 0 | V48: 1 | W48: 166.16 | X48: 78.14 | Y48: 698.96 | Z48: No | AA48: No | AB48: =SUMIF('Trip Changes'!$B:$B,A48,'Trip Changes'!$E:$E) -> 0 | AC48: =SUMIF('Trip Cancellations'!$B:$B,A48,'Trip Cancellations'!$E:$E) -> 0 | AD48: =SUMIF('Trip Cancellations'!$B:$B,A48,'Trip Cancellations'!$F:$F) -> 0 | AE48: =Y48+AB48+AC48-AD48 -> 698.96 | AF48: Yes | AG48: 5 | AH48: 427.5 | AI48: Yes
A49: T00048 | B49: E0014 | C49: London | D49: Audit & Assurance | E49: Director | F49: Conference / Event | G49: 46152 | H49: 46162 | I49: 46164 | J49: 2026-05 | K49: London | L49: Paris | M49: International | N49: Air | O49: 2290 | P49: 10 | Q49: TMC Assisted | R49: A02 | S49: H05 | T49: 415.11 | U49: 0 | V49: 1 | W49: 219.95 | X49: 73.43 | Y49: 708.49 | Z49: No | AA49: No | AB49: =SUMIF('Trip Changes'!$B:$B,A49,'Trip Changes'!$E:$E) -> 0 | AC49: =SUMIF('Trip Cancellations'!$B:$B,A49,'Trip Cancellations'!$E:$E) -> 0 | AD49: =SUMIF('Trip Cancellations'!$B:$B,A49,'Trip Cancellations'!$F:$F) -> 0 | AE49: =Y49+AB49+AC49-AD49 -> 708.49 | AF49: Yes | AG49: 4 | AH49: 343.5 | AI49: Yes
A50: T00049 | B50: E0015 | C50: London | D50: Audit & Assurance | E50: Consultant | F50: Training | G50: 46215 | H50: 46216 | I50: 46220 | J50: 2026-07 | K50: London | L50: Zurich | M50: International | N50: Air | O50: 2326 | P50: 1 | Q50: Online Booking Tool | R50: A01 | S50: H05 | T50: 627.35 | U50: 0 | V50: 3 | W50: 630.38 | X50: 71.44 | Y50: 1329.17 | Z50: No | AA50: No | AB50: =SUMIF('Trip Changes'!$B:$B,A50,'Trip Changes'!$E:$E) -> 0 | AC50: =SUMIF('Trip Cancellations'!$B:$B,A50,'Trip Cancellations'!$E:$E) -> 0 | AD50: =SUMIF('Trip Cancellations'!$B:$B,A50,'Trip Cancellations'!$F:$F) -> 0 | AE50: =Y50+AB50+AC50-AD50 -> 1329.17 | AF50: Yes | AG50: 4 | AH50: 348.9 | AI50: Yes
A51: T00050 | B51: E0015 | C51: London | D51: Audit & Assurance | E51: Consultant | F51: Project work | G51: 46218 | H51: 46219 | I51: 46223 | J51: 2026-07 | K51: London | L51: Amsterdam | M51: International | N51: Air | O51: 3122 | P51: 1 | Q51: TMC Assisted | R51: A03 | S51: H03 | T51: 680.01 | U51: 0 | V51: 3 | W51: 447.22 | X51: 93.58 | Y51: 1220.81 | Z51: No | AA51: No | AB51: =SUMIF('Trip Changes'!$B:$B,A51,'Trip Changes'!$E:$E) -> 0 | AC51: =SUMIF('Trip Cancellations'!$B:$B,A51,'Trip Cancellations'!$E:$E) -> 0 | AD51: =SUMIF('Trip Cancellations'!$B:$B,A51,'Trip Cancellations'!$F:$F) -> 0 | AE51: =Y51+AB51+AC51-AD51 -> 1220.81 | AF51: Yes | AG51: 5 | AH51: 468.3 | AI51: Yes
A52: T00051 | B52: E0015 | C52: London | D52: Audit & Assurance | E52: Consultant | F52: Project work | G52: 46163 | H52: 46192 | I52: 46195 | J52: 2026-06 | K52: London | L52: Paris | M52: International | N52: Air | O52: 2060 | P52: 29 | Q52: Online Booking Tool | R52: A05 | S52: H04 | T52: 244.76 | U52: 0 | V52: 2 | W52: 265.78 | X52: 96.69 | Y52: 607.23 | Z52: No | AA52: No | AB52: =SUMIF('Trip Changes'!$B:$B,A52,'Trip Changes'!$E:$E) -> 0 | AC52: =SUMIF('Trip Cancellations'!$B:$B,A52,'Trip Cancellations'!$E:$E) -> 0 | AD52: =SUMIF('Trip Cancellations'!$B:$B,A52,'Trip Cancellations'!$F:$F) -> 0 | AE52: =Y52+AB52+AC52-AD52 -> 607.23 | AF52: Yes | AG52: 4 | AH52: 309 | AI52: No
A53: T00052 | B53: E0015 | C53: London | D53: Audit & Assurance | E53: Consultant | F53: Project work | G53: 46138 | H53: 46143 | I53: 46147 | J53: 2026-05 | K53: London | L53: Amsterdam | M53: International | N53: Air | O53: 3382 | P53: 5 | Q53: TMC Assisted | R53: A03 | S53: H01 | T53: 222.94 | U53: 0 | V53: 3 | W53: 557.53 | X53: 81.65 | Y53: 862.12 | Z53: No | AA53: No | AB53: =SUMIF('Trip Changes'!$B:$B,A53,'Trip Changes'!$E:$E) -> 0 | AC53: =SUMIF('Trip Cancellations'!$B:$B,A53,'Trip Cancellations'!$E:$E) -> 0 | AD53: =SUMIF('Trip Cancellations'!$B:$B,A53,'Trip Cancellations'!$F:$F) -> 0 | AE53: =Y53+AB53+AC53-AD53 -> 862.12 | AF53: No | AG53: 5 | AH53: 507.3 | AI53: Yes
A54: T00053 | B54: E0016 | C54: London | D54: Audit & Assurance | E54: Analyst | F54: Client meeting | G54: 46121 | H54: 46148 | I54: 46152 | J54: 2026-05 | K54: London | L54: Frankfurt | M54: International | N54: Air | O54: 3428 | P54: 27 | Q54: Online Booking Tool | R54: A04 | S54: H01 | T54: 440.14 | U54: 0 | V54: 3 | W54: 701.58 | X54: 143.13 | Y54: 1284.85 | Z54: No | AA54: No | AB54: =SUMIF('Trip Changes'!$B:$B,A54,'Trip Changes'!$E:$E) -> 0 | AC54: =SUMIF('Trip Cancellations'!$B:$B,A54,'Trip Cancellations'!$E:$E) -> 0 | AD54: =SUMIF('Trip Cancellations'!$B:$B,A54,'Trip Cancellations'!$F:$F) -> 0 | AE54: =Y54+AB54+AC54-AD54 -> 1284.85 | AF54: Yes | AG54: 3 | AH54: 514.2 | AI54: Yes
A55: T00054 | B55: E0016 | C55: London | D55: Audit & Assurance | E55: Analyst | F55: Client meeting | G55: 46140 | H55: 46155 | I55: 46157 | J55: 2026-05 | K55: London | L55: Zurich | M55: International | N55: Air | O55: 2796 | P55: 15 | Q55: Other | R55: A03 | S55: H02 | T55: 357.43 | U55: 0 | V55: 1 | W55: 201.79 | X55: 100.78 | Y55: 660 | Z55: No | AA55: No | AB55: =SUMIF('Trip Changes'!$B:$B,A55,'Trip Changes'!$E:$E) -> 0 | AC55: =SUMIF('Trip Cancellations'!$B:$B,A55,'Trip Cancellations'!$E:$E) -> 0 | AD55: =SUMIF('Trip Cancellations'!$B:$B,A55,'Trip Cancellations'!$F:$F) -> 0 | AE55: =Y55+AB55+AC55-AD55 -> 660 | AF55: Yes | AG55: 4 | AH55: 419.4 | AI55: No
A56: T00055 | B56: E0016 | C56: London | D56: Audit & Assurance | E56: Analyst | F56: Team building | G56: 46193 | H56: 46210 | I56: 46214 | J56: 2026-07 | K56: London | L56: Dublin | M56: International | N56: Air | O56: 2856 | P56: 17 | Q56: Other | R56: A01 | S56: H03 | T56: 184.84 | U56: 0 | V56: 3 | W56: 672.16 | X56: 84.04 | Y56: 941.04 | Z56: No | AA56: No | AB56: =SUMIF('Trip Changes'!$B:$B,A56,'Trip Changes'!$E:$E) -> 0 | AC56: =SUMIF('Trip Cancellations'!$B:$B,A56,'Trip Cancellations'!$E:$E) -> 0 | AD56: =SUMIF('Trip Cancellations'!$B:$B,A56,'Trip Cancellations'!$F:$F) -> 0 | AE56: =Y56+AB56+AC56-AD56 -> 941.04 | AF56: Yes | AG56: 3 | AH56: 428.4 | AI56: No
A57: T00056 | B57: E0016 | C57: London | D57: Audit & Assurance | E57: Analyst | F57: Internal meeting | G57: 46165 | H57: 46170 | I57: 46172 | J57: 2026-05 | K57: London | L57: Dublin | M57: International | N57: Air | O57: 2860 | P57: 5 | Q57: Online Booking Tool | R57: A10 | S57: H05 | T57: 267.49 | U57: 0 | V57: 1 | W57: 210.25 | X57: 105.36 | Y57: 583.1 | Z57: No | AA57: No | AB57: =SUMIF('Trip Changes'!$B:$B,A57,'Trip Changes'!$E:$E) -> 0 | AC57: =SUMIF('Trip Cancellations'!$B:$B,A57,'Trip Cancellations'!$E:$E) -> 0 | AD57: =SUMIF('Trip Cancellations'!$B:$B,A57,'Trip Cancellations'!$F:$F) -> 0 | AE57: =Y57+AB57+AC57-AD57 -> 583.1 | AF57: Yes | AG57: 4 | AH57: 429 | AI57: Yes
A58: T00057 | B58: E0016 | C58: London | D58: Audit & Assurance | E58: Analyst | F58: Internal meeting | G58: 46129 | H58: 46150 | I58: 46153 | J58: 2026-05 | K58: London | L58: Chicago | M58: International | N58: Air | O58: 10788 | P58: 21 | Q58: Direct Supplier | R58: A09 | S58: H02 | T58: 994.78 | U58: 0 | V58: 2 | W58: 445.98 | X58: 48.51 | Y58: 1489.27 | Z58: Yes | AA58: Yes | AB58: =SUMIF('Trip Changes'!$B:$B,A58,'Trip Changes'!$E:$E) -> 90.11 | AC58: =SUMIF('Trip Cancellations'!$B:$B,A58,'Trip Cancellations'!$E:$E) -> 120.25 | AD58: =SUMIF('Trip Cancellations'!$B:$B,A58,'Trip Cancellations'!$F:$F) -> 1080.57 | AE58: =Y58+AB58+AC58-AD58 -> 619.06 | AF58: No | AG58: 2 | AH58: 1618.2 | AI58: No
... A61: T00060 | B61: E0017 | C61: Leeds | D61: Tax & Legal | E61: Senior Manager | F61: Training | G61: 46173 | H61: 46178 | I61: 46182 | J61: 2026-06 | K61: Leeds | L61: Frankfurt | M61: International | N61: Air | O61: 2414 | P61: 5 | Q61: Online Booking Tool | R61: A01 | S61: H02 | T61: 599.62 | U61: 0 | V61: 3 | W61: 451.81 | X61: 103.35 | Y61: 1154.78 | Z61: Yes | AA61: No | AB61: =SUMIF('Trip Changes'!$B:$B,A61,'Trip Changes'!$E:$E) -> 108.7 | AC61: =SUMIF('Trip Cancellations'!$B:$B,A61,'Trip Cancellations'!$E:$E) -> 0 | AD61: =SUMIF('Trip Cancellations'!$B:$B,A61,'Trip Cancellations'!$F:$F) -> 0 | AE61: =Y61+AB61+AC61-AD61 -> 1263.48 | AF61: Yes | AG61: 4 | AH61: 362.1 | AI61: Yes
A62: T00061 | B62: E0017 | C62: Leeds | D62: Tax & Legal | E62: Senior Manager | F62: Project work | G62: 46139 | H62: 46151 | I62: 46152 | J62: 2026-05 | K62: Leeds | L62: London | M62: Domestic | N62: Rail | O62: 614 | P62: 12 | Q62: Online Booking Tool | T62: 0 | U62: 138.52 | V62: 0 | W62: 0 | X62: 29.48 | Y62: 168 | Z62: No | AA62: No | AB62: =SUMIF('Trip Changes'!$B:$B,A62,'Trip Changes'!$E:$E) -> 0 | AC62: =SUMIF('Trip Cancellations'!$B:$B,A62,'Trip Cancellations'!$E:$E) -> 0 | AD62: =SUMIF('Trip Cancellations'!$B:$B,A62,'Trip Cancellations'!$F:$F) -> 0 | AE62: =Y62+AB62+AC62-AD62 -> 168 | AF62: Yes | AG62: 5 | AH62: 24.6 | AI62: No
A63: T00062 | B63: E0018 | C63: Leeds | D63: Consulting | E63: Senior Manager | F63: Client meeting | G63: 46125 | H63: 46150 | I63: 46153 | J63: 2026-05 | K63: Leeds | L63: Munich | M63: International | N63: Air | O63: 2554 | P63: 25 | Q63: Online Booking Tool | R63: A01 | S63: H04 | T63: 737.6 | U63: 0 | V63: 2 | W63: 171.29 | X63: 78.21 | Y63: 987.1 | Z63: No | AA63: No | AB63: =SUMIF('Trip Changes'!$B:$B,A63,'Trip Changes'!$E:$E) -> 0 | AC63: =SUMIF('Trip Cancellations'!$B:$B,A63,'Trip Cancellations'!$E:$E) -> 0 | AD63: =SUMIF('Trip Cancellations'!$B:$B,A63,'Trip Cancellations'!$F:$F) -> 0 | AE63: =Y63+AB63+AC63-AD63 -> 987.1 | AF63: Yes | AG63: 4 | AH63: 383.1 | AI63: No
A64: T00063 | B64: E0018 | C64: Leeds | D64: Consulting | E64: Senior Manager | F64: Internal meeting | G64: 46149 | H64: 46174 | I64: 46176 | J64: 2026-06 | K64: Leeds | L64: London | M64: Domestic | N64: Air | O64: 652 | P64: 25 | Q64: Other | R64: A02 | S64: H01 | T64: 351.2 | U64: 0 | V64: 1 | W64: 89.92 | X64: 42.15 | Y64: 483.27 | Z64: No | AA64: No | AB64: =SUMIF('Trip Changes'!$B:$B,A64,'Trip Changes'!$E:$E) -> 0 | AC64: =SUMIF('Trip Cancellations'!$B:$B,A64,'Trip Cancellations'!$E:$E) -> 0 | AD64: =SUMIF('Trip Cancellations'!$B:$B,A64,'Trip Cancellations'!$F:$F) -> 0 | AE64: =Y64+AB64+AC64-AD64 -> 483.27 | AF64: Yes | AG64: 4 | AH64: 97.8 | AI64: No
A65: T00064 | B65: E0018 | C65: Leeds | D65: Consulting | E65: Senior Manager | F65: Team building | G65: 46157 | H65: 46183 | I65: 46185 | J65: 2026-06 | K65: Leeds | L65: Milan | M65: International | N65: Air | O65: 2318 | P65: 26 | Q65: Online Booking Tool | R65: A05 | S65: H05 | T65: 387.83 | U65: 0 | V65: 1 | W65: 171.65 | X65: 63.41 | Y65: 622.89 | Z65: No | AA65: No | AB65: =SUMIF('Trip Changes'!$B:$B,A65,'Trip Changes'!$E:$E) -> 0 | AC65: =SUMIF('Trip Cancellations'!$B:$B,A65,'Trip Cancellations'!$E:$E) -> 0 | AD65: =SUMIF('Trip Cancellations'!$B:$B,A65,'Trip Cancellations'!$F:$F) -> 0 | AE65: =Y65+AB65+AC65-AD65 -> 622.89 | AF65: Yes | AG65: 4 | AH65: 347.7 | AI65: Yes
A66: T00065 | B66: E0018 | C66: Leeds | D66: Consulting | E66: Senior Manager | F66: Client meeting | G66: 46204 | H66: 46216 | I66: 46219 | J66: 2026-07 | K66: Leeds | L66: Dublin | M66: International | N66: Air | O66: 3482 | P66: 12 | Q66: Online Booking Tool | R66: A06 | S66: H04 | T66: 382.84 | U66: 0 | V66: 2 | W66: 312.55 | X66: 139.34 | Y66: 834.73 | Z66: No | AA66: No | AB66: =SUMIF('Trip Changes'!$B:$B,A66,'Trip Changes'!$E:$E) -> 0 | AC66: =SUMIF('Trip Cancellations'!$B:$B,A66,'Trip Cancellations'!$E:$E) -> 0 | AD66: =SUMIF('Trip Cancellations'!$B:$B,A66,'Trip Cancellations'!$F:$F) -> 0 | AE66: =Y66+AB66+AC66-AD66 -> 834.73 | AF66: No | AG66: 4 | AH66: 522.3 | AI66: Yes
A67: T00066 | B67: E0019 | C67: Bristol | D67: Technology | E67: Senior Manager | F67: Training | G67: 46146 | H67: 46163 | I67: 46168 | J67: 2026-05 | K67: Bristol | L67: Amsterdam | M67: International | N67: Air | O67: 3564 | P67: 17 | Q67: TMC Assisted | R67: A03 | S67: H01 | T67: 410.21 | U67: 0 | V67: 4 | W67: 858.22 | X67: 107.22 | Y67: 1375.65 | Z67: No | AA67: Yes | AB67: =SUMIF('Trip Changes'!$B:$B,A67,'Trip Changes'!$E:$E) -> 0 | AC67: =SUMIF('Trip Cancellations'!$B:$B,A67,'Trip Cancellations'!$E:$E) -> 66 | AD67: =SUMIF('Trip Cancellations'!$B:$B,A67,'Trip Cancellations'!$F:$F) -> 951.32 | AE67: =Y67+AB67+AC67-AD67 -> 490.33 | AF67: Yes | AG67: 4 | AH67: 534.6 | AI67: No
A68: T00067 | B68: E0019 | C68: Bristol | D68: Technology | E68: Senior Manager | F68: Project work | G68: 46178 | H68: 46194 | I68: 46197 | J68: 2026-06 | K68: Bristol | L68: Paris | M68: International | N68: Air | O68: 3504 | P68: 16 | Q68: Online Booking Tool | R68: A05 | S68: H03 | T68: 419.91 | U68: 0 | V68: 2 | W68: 357.49 | X68: 88.9 | Y68: 866.3 | Z68: Yes | AA68: No | AB68: =SUMIF('Trip Changes'!$B:$B,A68,'Trip Changes'!$E:$E) -> 83.31 | AC68: =SUMIF('Trip Cancellations'!$B:$B,A68,'Trip Cancellations'!$E:$E) -> 0 | AD68: =SUMIF('Trip Cancellations'!$B:$B,A68,'Trip Cancellations'!$F:$F) -> 0 | AE68: =Y68+AB68+AC68-AD68 -> 949.61 | AF68: Yes | AG68: 5 | AH68: 525.6 | AI68: No
A69: T00068 | B69: E0019 | C69: Bristol | D69: Technology | E69: Senior Manager | F69: Client meeting | G69: 46170 | H69: 46182 | I69: 46186 | J69: 2026-06 | K69: Bristol | L69: Amsterdam | M69: International | N69: Air | O69: 2540 | P69: 12 | Q69: TMC Assisted | R69: A02 | S69: H02 | T69: 606.98 | U69: 0 | V69: 3 | W69: 658.51 | X69: 64.25 | Y69: 1329.74 | Z69: No | AA69: Yes | AB69: =SUMIF('Trip Changes'!$B:$B,A69,'Trip Changes'!$E:$E) -> 0 | AC69: =SUMIF('Trip Cancellations'!$B:$B,A69,'Trip Cancellations'!$E:$E) -> 164.93 | AD69: =SUMIF('Trip Cancellations'!$B:$B,A69,'Trip Cancellations'!$F:$F) -> 949.12 | AE69: =Y69+AB69+AC69-AD69 -> 545.55 | AF69: Yes | AG69: 3 | AH69: 381 | AI69: Yes
A70: T00069 | B70: E0019 | C70: Bristol | D70: Technology | E70: Senior Manager | F70: Client meeting | G70: 46175 | H70: 46184 | I70: 46188 | J70: 2026-06 | K70: Bristol | L70: Amsterdam | M70: International | N70: Air | O70: 3390 | P70: 9 | Q70: Online Booking Tool | R70: A03 | S70: H02 | T70: 453.07 | U70: 0 | V70: 3 | W70: 658.18 | X70: 108.24 | Y70: 1219.49 | Z70: No | AA70: Yes | AB70: =SUMIF('Trip Changes'!$B:$B,A70,'Trip Changes'!$E:$E) -> 0 | AC70: =SUMIF('Trip Cancellations'!$B:$B,A70,'Trip Cancellations'!$E:$E) -> 88.51 | AD70: =SUMIF('Trip Cancellations'!$B:$B,A70,'Trip Cancellations'!$F:$F) -> 555.62 | AE70: =Y70+AB70+AC70-AD70 -> 752.38 | AF70: Yes | AG70: 3 | AH70: 508.5 | AI70: No
A71: T00070 | B71: E0019 | C71: Bristol | D71: Technology | E71: Senior Manager | F71: Client meeting | G71: 46154 | H71: 46171 | I71: 46175 | J71: 2026-05 | K71: Bristol | L71: Frankfurt | M71: International | N71: Air | O71: 2230 | P71: 17 | Q71: TMC Assisted | R71: A04 | S71: H03 | T71: 434.02 | U71: 0 | V71: 3 | W71: 477.59 | X71: 104.97 | Y71: 1016.58 | Z71: No | AA71: No | AB71: =SUMIF('Trip Changes'!$B:$B,A71,'Trip Changes'!$E:$E) -> 0 | AC71: =SUMIF('Trip Cancellations'!$B:$B,A71,'Trip Cancellations'!$E:$E) -> 0 | AD71: =SUMIF('Trip Cancellations'!$B:$B,A71,'Trip Cancellations'!$F:$F) -> 0 | AE71: =Y71+AB71+AC71-AD71 -> 1016.58 | AF71: Yes | AG71: 4 | AH71: 334.5 | AI71: Yes
A72: T00071 | B72: E0019 | C72: Bristol | D72: Technology | E72: Senior Manager | F72: Project work | G72: 46140 | H72: 46164 | I72: 46165 | J72: 2026-05 | K72: Bristol | L72: London | M72: Domestic | N72: Rail | O72: 704 | P72: 24 | Q72: Online Booking Tool | T72: 0 | U72: 208.29 | V72: 0 | W72: 0 | X72: 49.87 | Y72: 258.16 | Z72: No | AA72: Yes | AB72: =SUMIF('Trip Changes'!$B:$B,A72,'Trip Changes'!$E:$E) -> 0 | AC72: =SUMIF('Trip Cancellations'!$B:$B,A72,'Trip Cancellations'!$E:$E) -> 102.19 | AD72: =SUMIF('Trip Cancellations'!$B:$B,A72,'Trip Cancellations'!$F:$F) -> 52.07 | AE72: =Y72+AB72+AC72-AD72 -> 308.28 | AF72: Yes | AG72: 4 | AH72: 28.2 | AI72: Yes
A73: T00072 | B73: E0020 | C73: London | D73: Audit & Assurance | E73: Senior Manager | F73: Internal meeting | G73: 46175 | H73: 46182 | I73: 46186 | J73: 2026-06 | K73: London | L73: Singapore | M73: International | N73: Air | O73: 11634 | P73: 7 | Q73: Online Booking Tool | R73: A01 | S73: H01 | T73: 1496.78 | U73: 0 | V73: 3 | W73: 508.44 | X73: 88.81 | Y73: 2094.03 | Z73: No | AA73: Yes | AB73: =SUMIF('Trip Changes'!$B:$B,A73,'Trip Changes'!$E:$E) -> 0 | AC73: =SUMIF('Trip Cancellations'!$B:$B,A73,'Trip Cancellations'!$E:$E) -> 78.01 | AD73: =SUMIF('Trip Cancellations'!$B:$B,A73,'Trip Cancellations'!$F:$F) -> 1804.7 | AE73: =Y73+AB73+AC73-AD73 -> 367.34 | AF73: Yes | AG73: 3 | AH73: 1745.1 | AI73: No
A74: T00073 | B74: E0020 | C74: London | D74: Audit & Assurance | E74: Senior Manager | F74: Client meeting | G74: 46187 | H74: 46197 | I74: 46200 | J74: 2026-06 | K74: London | L74: Chicago | M74: International | N74: Air | O74: 11890 | P74: 10 | Q74: TMC Assisted | R74: A01 | S74: H02 | T74: 1155.92 | U74: 0 | V74: 2 | W74: 340.7 | X74: 79.45 | Y74: 1576.07 | Z74: No | AA74: No | AB74: =SUMIF('Trip Changes'!$B:$B,A74,'Trip Changes'!$E:$E) -> 0 | AC74: =SUMIF('Trip Cancellations'!$B:$B,A74,'Trip Cancellations'!$E:$E) -> 0 | AD74: =SUMIF('Trip Cancellations'!$B:$B,A74,'Trip Cancellations'!$F:$F) -> 0 | AE74: =Y74+AB74+AC74-AD74 -> 1576.07 | AF74: Yes | AG74: 5 | AH74: 1783.5 | AI74: Yes
A75: T00074 | B75: E0020 | C75: London | D75: Audit & Assurance | E75: Senior Manager | F75: Training | G75: 46232 | H75: 46233 | I75: 46236 | J75: 2026-07 | K75: London | L75: Frankfurt | M75: International | N75: Air | O75: 1108 | P75: 1 | Q75: Online Booking Tool | R75: A01 | S75: H03 | T75: 295.72 | U75: 0 | V75: 2 | W75: 261.35 | X75: 44.07 | Y75: 601.14 | Z75: No | AA75: No | AB75: =SUMIF('Trip Changes'!$B:$B,A75,'Trip Changes'!$E:$E) -> 0 | AC75: =SUMIF('Trip Cancellations'!$B:$B,A75,'Trip Cancellations'!$E:$E) -> 0 | AD75: =SUMIF('Trip Cancellations'!$B:$B,A75,'Trip Cancellations'!$F:$F) -> 0 | AE75: =Y75+AB75+AC75-AD75 -> 601.14 | AF75: Yes | AG75: 4 | AH75: 166.2 | AI75: No
A76: T00075 | B76: E0021 | C76: Birmingham | D76: Tax & Legal | E76: Director | F76: Client meeting | G76: 46213 | H76: 46229 | I76: 46233 | J76: 2026-07 | K76: Birmingham | L76: Toronto | M76: International | N76: Air | O76: 10602 | P76: 16 | Q76: TMC Assisted | R76: A07 | S76: H01 | T76: 1238.23 | U76: 0 | V76: 3 | W76: 441.89 | X76: 89.32 | Y76: 1769.44 | Z76: No | AA76: No | AB76: =SUMIF('Trip Changes'!$B:$B,A76,'Trip Changes'!$E:$E) -> 0 | AC76: =SUMIF('Trip Cancellations'!$B:$B,A76,'Trip Cancellations'!$E:$E) -> 0 | AD76: =SUMIF('Trip Cancellations'!$B:$B,A76,'Trip Cancellations'!$F:$F) -> 0 | AE76: =Y76+AB76+AC76-AD76 -> 1769.44 | AF76: Yes | AG76: 5 | AH76: 1590.3 | AI76: Yes
A77: T00076 | B77: E0021 | C77: Birmingham | D77: Tax & Legal | E77: Director | F77: Internal meeting | G77: 46186 | H77: 46212 | I77: 46215 | J77: 2026-07 | K77: Birmingham | L77: Edinburgh | M77: Domestic | N77: Rail | O77: 1290 | P77: 26 | Q77: Online Booking Tool | S77: H06 | T77: 0 | U77: 168.53 | V77: 2 | W77: 315.1 | X77: 69.71 | Y77: 553.34 | Z77: No | AA77: No | AB77: =SUMIF('Trip Changes'!$B:$B,A77,'Trip Changes'!$E:$E) -> 0 | AC77: =SUMIF('Trip Cancellations'!$B:$B,A77,'Trip Cancellations'!$E:$E) -> 0 | AD77: =SUMIF('Trip Cancellations'!$B:$B,A77,'Trip Cancellations'!$F:$F) -> 0 | AE77: =Y77+AB77+AC77-AD77 -> 553.34 | AF77: Yes | AG77: 4 | AH77: 51.6 | AI77: No
A78: T00077 | B78: E0021 | C78: Birmingham | D78: Tax & Legal | E78: Director | F78: Internal meeting | G78: 46187 | H78: 46215 | I78: 46220 | J78: 2026-07 | K78: Birmingham | L78: Boston | M78: International | N78: Air | O78: 10548 | P78: 28 | Q78: Online Booking Tool | R78: A01 | S78: H02 | T78: 982.83 | U78: 0 | V78: 4 | W78: 800.65 | X78: 96.81 | Y78: 1880.29 | Z78: No | AA78: No | AB78: =SUMIF('Trip Changes'!$B:$B,A78,'Trip Changes'!$E:$E) -> 0 | AC78: =SUMIF('Trip Cancellations'!$B:$B,A78,'Trip Cancellations'!$E:$E) -> 0 | AD78: =SUMIF('Trip Cancellations'!$B:$B,A78,'Trip Cancellations'!$F:$F) -> 0 | AE78: =Y78+AB78+AC78-AD78 -> 1880.29 | AF78: Yes | AG78: 4 | AH78: 1582.2 | AI78: No
A79: T00078 | B79: E0022 | C79: Bristol | D79: Technology | E79: Partner | F79: Project work | G79: 46167 | H79: 46172 | I79: 46174 | J79: 2026-05 | K79: Bristol | L79: Edinburgh | M79: Domestic | N79: Rail | O79: 1056 | P79: 5 | Q79: TMC Assisted | S79: H07 | T79: 0 | U79: 170.85 | V79: 1 | W79: 194.09 | X79: 20 | Y79: 384.94 | Z79: Yes | AA79: No | AB79: =SUMIF('Trip Changes'!$B:$B,A79,'Trip Changes'!$E:$E) -> 82.26 | AC79: =SUMIF('Trip Cancellations'!$B:$B,A79,'Trip Cancellations'!$E:$E) -> 0 | AD79: =SUMIF('Trip Cancellations'!$B:$B,A79,'Trip Cancellations'!$F:$F) -> 0 | AE79: =Y79+AB79+AC79-AD79 -> 467.2 | AF79: Yes | AG79: 3 | AH79: 42.2 | AI79: No
A80: T00079 | B80: E0022 | C80: Bristol | D80: Technology | E80: Partner | F80: Conference / Event | G80: 46165 | H80: 46166 | I80: 46168 | J80: 2026-05 | K80: Bristol | L80: New York | M80: International | N80: Air | O80: 10436 | P80: 1 | Q80: Online Booking Tool | R80: A07 | S80: H04 | T80: 613.6 | U80: 0 | V80: 1 | W80: 217.3 | X80: 101.52 | Y80: 932.42 | Z80: No | AA80: No | AB80: =SUMIF('Trip Changes'!$B:$B,A80,'Trip Changes'!$E:$E) -> 0 | AC80: =SUMIF('Trip Cancellations'!$B:$B,A80,'Trip Cancellations'!$E:$E) -> 0 | AD80: =SUMIF('Trip Cancellations'!$B:$B,A80,'Trip Cancellations'!$F:$F) -> 0 | AE80: =Y80+AB80+AC80-AD80 -> 932.42 | AF80: Yes | AG80: 5 | AH80: 1565.4 | AI80: No
A81: T00080 | B81: E0022 | C81: Bristol | D81: Technology | E81: Partner | F81: Recruitment / Interview | G81: 46213 | H81: 46222 | I81: 46224 | J81: 2026-07 | K81: Bristol | L81: Dublin | M81: International | N81: Air | O81: 3106 | P81: 9 | Q81: Online Booking Tool | R81: A10 | S81: H05 | T81: 619.87 | U81: 0 | V81: 1 | W81: 110.46 | X81: 93.29 | Y81: 823.62 | Z81: No | AA81: No | AB81: =SUMIF('Trip Changes'!$B:$B,A81,'Trip Changes'!$E:$E) -> 0 | AC81: =SUMIF('Trip Cancellations'!$B:$B,A81,'Trip Cancellations'!$E:$E) -> 0 | AD81: =SUMIF('Trip Cancellations'!$B:$B,A81,'Trip Cancellations'!$F:$F) -> 0 | AE81: =Y81+AB81+AC81-AD81 -> 823.62 | AF81: Yes | AG81: 5 | AH81: 465.9 | AI81: No
A82: T00081 | B82: E0023 | C82: Manchester | D82: Tax & Legal | E82: Consultant | F82: Training | G82: 46183 | H82: 46201 | I82: 46205 | J82: 2026-06 | K82: Manchester | L82: Berlin | M82: International | N82: Air | O82: 1304 | P82: 18 | Q82: Direct Supplier | R82: A04 | S82: H01 | T82: 595.4 | U82: 0 | V82: 3 | W82: 359.12 | X82: 85.97 | Y82: 1040.49 | Z82: No | AA82: No | AB82: =SUMIF('Trip Changes'!$B:$B,A82,'Trip Changes'!$E:$E) -> 0 | AC82: =SUMIF('Trip Cancellations'!$B:$B,A82,'Trip Cancellations'!$E:$E) -> 0 | AD82: =SUMIF('Trip Cancellations'!$B:$B,A82,'Trip Cancellations'!$F:$F) -> 0 | AE82: =Y82+AB82+AC82-AD82 -> 1040.49 | AF82: Yes | AG82: 4 | AH82: 195.6 | AI82: No
A83: T00082 | B83: E0023 | C83: Manchester | D83: Tax & Legal | E83: Consultant | F83: Team building | G83: 46192 | H83: 46218 | I83: 46220 | J83: 2026-07 | K83: Manchester | L83: New York | M83: International | N83: Air | O83: 10014 | P83: 26 | Q83: Direct Supplier | R83: A09 | S83: H01 | T83: 1085.2 | U83: 0 | V83: 1 | W83: 130.63 | X83: 96.45 | Y83: 1312.28 | Z83: No | AA83: No | AB83: =SUMIF('Trip Changes'!$B:$B,A83,'Trip Changes'!$E:$E) -> 0 | AC83: =SUMIF('Trip Cancellations'!$B:$B,A83,'Trip Cancellations'!$E:$E) -> 0 | AD83: =SUMIF('Trip Cancellations'!$B:$B,A83,'Trip Cancellations'!$F:$F) -> 0 | AE83: =Y83+AB83+AC83-AD83 -> 1312.28 | AF83: No | AG83: 5 | AH83: 1502.1 | AI83: Yes
A84: T00083 | B84: E0023 | C84: Manchester | D84: Tax & Legal | E84: Consultant | F84: Project work | G84: 46191 | H84: 46212 | I84: 46216 | J84: 2026-07 | K84: Manchester | L84: Brussels | M84: International | N84: Air | O84: 2526 | P84: 21 | Q84: TMC Assisted | R84: A03 | S84: H04 | T84: 498.39 | U84: 0 | V84: 3 | W84: 569.48 | X84: 78.13 | Y84: 1146 | Z84: No | AA84: No | AB84: =SUMIF('Trip Changes'!$B:$B,A84,'Trip Changes'!$E:$E) -> 0 | AC84: =SUMIF('Trip Cancellations'!$B:$B,A84,'Trip Cancellations'!$E:$E) -> 0 | AD84: =SUMIF('Trip Cancellations'!$B:$B,A84,'Trip Cancellations'!$F:$F) -> 0 | AE84: =Y84+AB84+AC84-AD84 -> 1146 | AF84: Yes | AG84: 5 | AH84: 378.9 | AI84: No
A85: T00084 | B85: E0023 | C85: Manchester | D85: Tax & Legal | E85: Consultant | F85: Project work | G85: 46188 | H85: 46194 | I85: 46196 | J85: 2026-06 | K85: Manchester | L85: Birmingham | M85: Domestic | N85: Air | O85: 906 | P85: 6 | Q85: Other | R85: A02 | S85: H06 | T85: 415.08 | U85: 0 | V85: 1 | W85: 118.41 | X85: 65.2 | Y85: 598.69 | Z85: No | AA85: No | AB85: =SUMIF('Trip Changes'!$B:$B,A85,'Trip Changes'!$E:$E) -> 0 | AC85: =SUMIF('Trip Cancellations'!$B:$B,A85,'Trip Cancellations'!$E:$E) -> 0 | AD85: =SUMIF('Trip Cancellations'!$B:$B,A85,'Trip Cancellations'!$F:$F) -> 0 | AE85: =Y85+AB85+AC85-AD85 -> 598.69 | AF85: Yes | AG85: 4 | AH85: 135.9 | AI85: No
A86: T00085 | B86: E0023 | C86: Manchester | D86: Tax & Legal | E86: Consultant | F86: Team building | G86: 46186 | H86: 46215 | I86: 46217 | J86: 2026-07 | K86: Manchester | L86: Copenhagen | M86: International | N86: Air | O86: 2418 | P86: 29 | Q86: Online Booking Tool | R86: A01 | S86: H03 | T86: 420.84 | U86: 0 | V86: 1 | W86: 179.76 | X86: 91.09 | Y86: 691.69 | Z86: No | AA86: No | AB86: =SUMIF('Trip Changes'!$B:$B,A86,'Trip Changes'!$E:$E) -> 0 | AC86: =SUMIF('Trip Cancellations'!$B:$B,A86,'Trip Cancellations'!$E:$E) -> 0 | AD86: =SUMIF('Trip Cancellations'!$B:$B,A86,'Trip Cancellations'!$F:$F) -> 0 | AE86: =Y86+AB86+AC86-AD86 -> 691.69 | AF86: Yes | AG86: 4 | AH86: 362.7 | AI86: Yes
A87: T00086 | B87: E0024 | C87: Birmingham | D87: Consulting | E87: Senior Manager | F87: Conference / Event | G87: 46126 | H87: 46161 | I87: 46164 | J87: 2026-05 | K87: Birmingham | L87: Dublin | M87: International | N87: Air | O87: 2646 | P87: 35 | Q87: Online Booking Tool | R87: A10 | S87: H02 | T87: 639.56 | U87: 0 | V87: 2 | W87: 302.11 | X87: 95.39 | Y87: 1037.06 | Z87: No | AA87: No | AB87: =SUMIF('Trip Changes'!$B:$B,A87,'Trip Changes'!$E:$E) -> 0 | AC87: =SUMIF('Trip Cancellations'!$B:$B,A87,'Trip Cancellations'!$E:$E) -> 0 | AD87: =SUMIF('Trip Cancellations'!$B:$B,A87,'Trip Cancellations'!$F:$F) -> 0 | AE87: =Y87+AB87+AC87-AD87 -> 1037.06 | AF87: Yes | AG87: 5 | AH87: 396.9 | AI87: No
A88: T00087 | B88: E0024 | C88: Birmingham | D88: Consulting | E88: Senior Manager | F88: Training | G88: 46191 | H88: 46211 | I88: 46214 | J88: 2026-07 | K88: Birmingham | L88: London | M88: Domestic | N88: Rail | O88: 300 | P88: 20 | Q88: TMC Assisted | S88: H06 | T88: 0 | U88: 306.73 | V88: 2 | W88: 308.34 | X88: 52.83 | Y88: 667.9 | Z88: No | AA88: No | AB88: =SUMIF('Trip Changes'!$B:$B,A88,'Trip Changes'!$E:$E) -> 0 | AC88: =SUMIF('Trip Cancellations'!$B:$B,A88,'Trip Cancellations'!$E:$E) -> 0 | AD88: =SUMIF('Trip Cancellations'!$B:$B,A88,'Trip Cancellations'!$F:$F) -> 0 | AE88: =Y88+AB88+AC88-AD88 -> 667.9 | AF88: Yes | AG88: 5 | AH88: 12 | AI88: No
A89: T00088 | B89: E0025 | C89: London | D89: Audit & Assurance | E89: Director | F89: Project work | G89: 46178 | H89: 46188 | I89: 46191 | J89: 2026-06 | K89: London | L89: Dublin | M89: International | N89: Air | O89: 2634 | P89: 10 | Q89: Online Booking Tool | R89: A06 | S89: H02 | T89: 301.01 | U89: 0 | V89: 2 | W89: 220.95 | X89: 69.36 | Y89: 591.32 | Z89: No | AA89: No | AB89: =SUMIF('Trip Changes'!$B:$B,A89,'Trip Changes'!$E:$E) -> 0 | AC89: =SUMIF('Trip Cancellations'!$B:$B,A89,'Trip Cancellations'!$E:$E) -> 0 | AD89: =SUMIF('Trip Cancellations'!$B:$B,A89,'Trip Cancellations'!$F:$F) -> 0 | AE89: =Y89+AB89+AC89-AD89 -> 591.32 | AF89: Yes | AG89: 5 | AH89: 395.1 | AI89: Yes
A90: T00089 | B90: E0025 | C90: London | D90: Audit & Assurance | E90: Director | F90: Client meeting | G90: 46174 | H90: 46192 | I90: 46197 | J90: 2026-06 | K90: London | L90: New York | M90: International | N90: Air | O90: 12712 | P90: 18 | Q90: TMC Assisted | R90: A01 | S90: H03 | T90: 973.91 | U90: 0 | V90: 4 | W90: 760.83 | X90: 67.73 | Y90: 1802.47 | Z90: No | AA90: No | AB90: =SUMIF('Trip Changes'!$B:$B,A90,'Trip Changes'!$E:$E) -> 0 | AC90: =SUMIF('Trip Cancellations'!$B:$B,A90,'Trip Cancellations'!$E:$E) -> 0 | AD90: =SUMIF('Trip Cancellations'!$B:$B,A90,'Trip Cancellations'!$F:$F) -> 0 | AE90: =Y90+AB90+AC90-AD90 -> 1802.47 | AF90: Yes | AG90: 4 | AH90: 1906.8 | AI90: No
A91: T00090 | B91: E0025 | C91: London | D91: Audit & Assurance | E91: Director | F91: Team building | G91: 46193 | H91: 46196 | I91: 46200 | J91: 2026-06 | K91: London | L91: Toronto | M91: International | N91: Air | O91: 12622 | P91: 3 | Q91: Online Booking Tool | R91: A01 | S91: H01 | T91: 908.23 | U91: 0 | V91: 3 | W91: 472.14 | X91: 73.9 | Y91: 1454.27 | Z91: No | AA91: No | AB91: =SUMIF('Trip Changes'!$B:$B,A91,'Trip Changes'!$E:$E) -> 0 | AC91: =SUMIF('Trip Cancellations'!$B:$B,A91,'Trip Cancellations'!$E:$E) -> 0 | AD91: =SUMIF('Trip Cancellations'!$B:$B,A91,'Trip Cancellations'!$F:$F) -> 0 | AE91: =Y91+AB91+AC91-AD91 -> 1454.27 | AF91: Yes | AG91: 4 | AH91: 1893.3 | AI91: No
A92: T00091 | B92: E0025 | C92: London | D92: Audit & Assurance | E92: Director | F92: Project work | G92: 46157 | H92: 46189 | I92: 46193 | J92: 2026-06 | K92: London | L92: Dublin | M92: International | N92: Air | O92: 2482 | P92: 32 | Q92: Online Booking Tool | R92: A01 | S92: H01 | T92: 425.6 | U92: 0 | V92: 3 | W92: 578.99 | X92: 131.86 | Y92: 1136.45 | Z92: No | AA92: No | AB92: =SUMIF('Trip Changes'!$B:$B,A92,'Trip Changes'!$E:$E) -> 0 | AC92: =SUMIF('Trip Cancellations'!$B:$B,A92,'Trip Cancellations'!$E:$E) -> 0 | AD92: =SUMIF('Trip Cancellations'!$B:$B,A92,'Trip Cancellations'!$F:$F) -> 0 | AE92: =Y92+AB92+AC92-AD92 -> 1136.45 | AF92: Yes | AG92: 4 | AH92: 372.3 | AI92: Yes
A93: T00092 | B93: E0026 | C93: Manchester | D93: Technology | E93: Senior Manager | F93: Client meeting | G93: 46205 | H93: 46221 | I93: 46226 | J93: 2026-07 | K93: Manchester | L93: Paris | M93: International | N93: Air | O93: 2614 | P93: 16 | Q93: TMC Assisted | R93: A05 | S93: H02 | T93: 314.85 | U93: 0 | V93: 4 | W93: 515.34 | X93: 62.24 | Y93: 892.43 | Z93: No | AA93: No | AB93: =SUMIF('Trip Changes'!$B:$B,A93,'Trip Changes'!$E:$E) -> 0 | AC93: =SUMIF('Trip Cancellations'!$B:$B,A93,'Trip Cancellations'!$E:$E) -> 0 | AD93: =SUMIF('Trip Cancellations'!$B:$B,A93,'Trip Cancellations'!$F:$F) -> 0 | AE93: =Y93+AB93+AC93-AD93 -> 892.43 | AF93: Yes | AG93: 4 | AH93: 392.1 | AI93: No
A94: T00093 | B94: E0026 | C94: Manchester | D94: Technology | E94: Senior Manager | F94: Client meeting | G94: 46133 | H94: 46162 | I94: 46164 | J94: 2026-05 | K94: Manchester | L94: London | M94: Domestic | N94: Rail | O94: 668 | P94: 29 | Q94: Online Booking Tool | S94: H06 | T94: 0 | U94: 363.09 | V94: 1 | W94: 235.07 | X94: 23.12 | Y94: 621.28 | Z94: No | AA94: No | AB94: =SUMIF('Trip Changes'!$B:$B,A94,'Trip Changes'!$E:$E) -> 0 | AC94: =SUMIF('Trip Cancellations'!$B:$B,A94,'Trip Cancellations'!$E:$E) -> 0 | AD94: =SUMIF('Trip Cancellations'!$B:$B,A94,'Trip Cancellations'!$F:$F) -> 0 | AE94: =Y94+AB94+AC94-AD94 -> 621.28 | AF94: Yes | AG94: 5 | AH94: 26.7 | AI94: No
A95: T00094 | B95: E0026 | C95: Manchester | D95: Technology | E95: Senior Manager | F95: Project work | G95: 46202 | H95: 46203 | I95: 46205 | J95: 2026-06 | K95: Manchester | L95: London | M95: Domestic | N95: Rail | O95: 570 | P95: 1 | Q95: Online Booking Tool | S95: H02 | T95: 0 | U95: 242.24 | V95: 1 | W95: 120.86 | X95: 55.12 | Y95: 418.22 | Z95: No | AA95: No | AB95: =SUMIF('Trip Changes'!$B:$B,A95,'Trip Changes'!$E:$E) -> 0 | AC95: =SUMIF('Trip Cancellations'!$B:$B,A95,'Trip Cancellations'!$E:$E) -> 0 | AD95: =SUMIF('Trip Cancellations'!$B:$B,A95,'Trip Cancellations'!$F:$F) -> 0 | AE95: =Y95+AB95+AC95-AD95 -> 418.22 | AF95: Yes | AG95: 4 | AH95: 22.8 | AI95: No
A96: T00095 | B96: E0026 | C96: Manchester | D96: Technology | E96: Senior Manager | F96: Client meeting | G96: 46200 | H96: 46222 | I96: 46225 | J96: 2026-07 | K96: Manchester | L96: Milan | M96: International | N96: Air | O96: 2530 | P96: 22 | Q96: Direct Supplier | R96: A04 | S96: H02 | T96: 693.65 | U96: 0 | V96: 2 | W96: 411.15 | X96: 54.1 | Y96: 1158.9 | Z96: No | AA96: No | AB96: =SUMIF('Trip Changes'!$B:$B,A96,'Trip Changes'!$E:$E) -> 0 | AC96: =SUMIF('Trip Cancellations'!$B:$B,A96,'Trip Cancellations'!$E:$E) -> 0 | AD96: =SUMIF('Trip Cancellations'!$B:$B,A96,'Trip Cancellations'!$F:$F) -> 0 | AE96: =Y96+AB96+AC96-AD96 -> 1158.9 | AF96: Yes | AG96: 4 | AH96: 379.5 | AI96: Yes
A97: T00096 | B97: E0027 | C97: London | D97: Technology | E97: Senior Manager | F97: Client meeting | G97: 46193 | H97: 46220 | I97: 46224 | J97: 2026-07 | K97: London | L97: Madrid | M97: International | N97: Air | O97: 1296 | P97: 27 | Q97: TMC Assisted | R97: A02 | S97: H05 | T97: 459.37 | U97: 0 | V97: 3 | W97: 451.7 | X97: 87.9 | Y97: 998.97 | Z97: No | AA97: No | AB97: =SUMIF('Trip Changes'!$B:$B,A97,'Trip Changes'!$E:$E) -> 0 | AC97: =SUMIF('Trip Cancellations'!$B:$B,A97,'Trip Cancellations'!$E:$E) -> 0 | AD97: =SUMIF('Trip Cancellations'!$B:$B,A97,'Trip Cancellations'!$F:$F) -> 0 | AE97: =Y97+AB97+AC97-AD97 -> 998.97 | AF97: Yes | AG97: 4 | AH97: 194.4 | AI97: Yes
A98: T00097 | B98: E0027 | C98: London | D98: Technology | E98: Senior Manager | F98: Training | G98: 46208 | H98: 46219 | I98: 46223 | J98: 2026-07 | K98: London | L98: Dublin | M98: International | N98: Air | O98: 2460 | P98: 11 | Q98: TMC Assisted | R98: A10 | S98: H01 | T98: 624.68 | U98: 0 | V98: 3 | W98: 594.49 | X98: 55.45 | Y98: 1274.62 | Z98: No | AA98: No | AB98: =SUMIF('Trip Changes'!$B:$B,A98,'Trip Changes'!$E:$E) -> 0 | AC98: =SUMIF('Trip Cancellations'!$B:$B,A98,'Trip Cancellations'!$E:$E) -> 0 | AD98: =SUMIF('Trip Cancellations'!$B:$B,A98,'Trip Cancellations'!$F:$F) -> 0 | AE98: =Y98+AB98+AC98-AD98 -> 1274.62 | AF98: Yes | AG98: 5 | AH98: 369 | AI98: Yes
A99: T00098 | B99: E0027 | C99: London | D99: Technology | E99: Senior Manager | F99: Client meeting | G99: 46221 | H99: 46224 | I99: 46228 | J99: 2026-07 | K99: London | L99: Dublin | M99: International | N99: Air | O99: 1538 | P99: 3 | Q99: Online Booking Tool | R99: A10 | S99: H03 | T99: 489.46 | U99: 0 | V99: 3 | W99: 584.95 | X99: 74.8 | Y99: 1149.21 | Z99: No | AA99: No | AB99: =SUMIF('Trip Changes'!$B:$B,A99,'Trip Changes'!$E:$E) -> 0 | AC99: =SUMIF('Trip Cancellations'!$B:$B,A99,'Trip Cancellations'!$E:$E) -> 0 | AD99: =SUMIF('Trip Cancellations'!$B:$B,A99,'Trip Cancellations'!$F:$F) -> 0 | AE99: =Y99+AB99+AC99-AD99 -> 1149.21 | AF99: No | AG99: 5 | AH99: 230.7 | AI99: No
A100: T00099 | B100: E0027 | C100: London | D100: Technology | E100: Senior Manager | F100: Team building | G100: 46172 | H100: 46185 | I100: 46187 | J100: 2026-06 | K100: London | L100: Madrid | M100: International | N100: Air | O100: 2152 | P100: 13 | Q100: Online Booking Tool | R100: A02 | S100: H04 | T100: 446.47 | U100: 0 | V100: 1 | W100: 151.64 | X100: 76.97 | Y100: 675.08 | Z100: No | AA100: No | AB100: =SUMIF('Trip Changes'!$B:$B,A100,'Trip Changes'!$E:$E) -> 0 | AC100: =SUMIF('Trip Cancellations'!$B:$B,A100,'Trip Cancellations'!$E:$E) -> 0 | AD100: =SUMIF('Trip Cancellations'!$B:$B,A100,'Trip Cancellations'!$F:$F) -> 0 | AE100: =Y100+AB100+AC100-AD100 -> 675.08 | AF100: Yes | AG100: 5 | AH100: 322.8 | AI100: Yes
A101: T00100 | B101: E0028 | C101: Leeds | D101: Audit & Assurance | E101: Analyst | F101: Project work | G101: 46145 | H101: 46153 | I101: 46158 | J101: 2026-05 | K101: Leeds | L101: Frankfurt | M101: International | N101: Air | O101: 1742 | P101: 8 | Q101: Online Booking Tool | R101: A04 | S101: H04 | T101: 361.9 | U101: 0 | V101: 4 | W101: 1034.7 | X101: 82.59 | Y101: 1479.19 | Z101: No | AA101: No | AB101: =SUMIF('Trip Changes'!$B:$B,A101,'Trip Changes'!$E:$E) -> 0 | AC101: =SUMIF('Trip Cancellations'!$B:$B,A101,'Trip Cancellations'!$E:$E) -> 0 | AD101: =SUMIF('Trip Cancellations'!$B:$B,A101,'Trip Cancellations'!$F:$F) -> 0 | AE101: =Y101+AB101+AC101-AD101 -> 1479.19 | AF101: Yes | AG101: 4 | AH101: 261.3 | AI101: No
A102: T00101 | B102: E0028 | C102: Leeds | D102: Audit & Assurance | E102: Analyst | F102: Other | G102: 46219 | H102: 46231 | I102: 46235 | J102: 2026-07 | K102: Leeds | L102: New York | M102: International | N102: Air | O102: 11702 | P102: 12 | Q102: TMC Assisted | R102: A01 | S102: H04 | T102: 910.21 | U102: 0 | V102: 3 | W102: 447.35 | X102: 54.35 | Y102: 1411.91 | Z102: No | AA102: No | AB102: =SUMIF('Trip Changes'!$B:$B,A102,'Trip Changes'!$E:$E) -> 0 | AC102: =SUMIF('Trip Cancellations'!$B:$B,A102,'Trip Cancellations'!$E:$E) -> 0 | AD102: =SUMIF('Trip Cancellations'!$B:$B,A102,'Trip Cancellations'!$F:$F) -> 0 | AE102: =Y102+AB102+AC102-AD102 -> 1411.91 | AF102: Yes | AG102: 5 | AH102: 1755.3 | AI102: Yes
...

Sheet Trips_Workbook
A1: trip_id | B1: employee_id | C1: home_office | D1: department | E1: grade | F1: trip_purpose | G1: booking_date | H1: departure_date | I1: return_date | J1: travel_month | K1: origin | L1: destination | M1: trip_type | N1: travel_mode | O1: travel_class | P1: distance_km | Q1: booking_lead_days | R1: booking_lead_bucket | S1: booking_channel | T1: airline_id | U1: hotel_id | V1: hotel_name | W1: airfare_gbp | X1: rail_cost_gbp | Y1: hotel_nights | Z1: hotel_cost_per_night | AA1: hotel_cost_gbp | AB1: ground_transport_gbp | AC1: original_trip_cost_gbp | AD1: changed_value_check | AE1: cancelled_value_check | AF1: total_change_cost_gbp | AG1: total_cancellation_fee_gbp | AH1: refund_received_gbp | AI1: final_trip_cost_gbp | AJ1: hotel_rate_compliant_calc | AK1: hotel_supplier_compliant_calc | AL1: airline_compliant_calc | AM1: class_compliant_calc | AN1: channel_compliant_calc | AO1: supplier_compliant_calc | AP1: policy_compliant_value_check | AQ1: policy_compliant_calc | AR1: csat_score_check | AS1: co2_kg | AT1: airline_name | AU1: hotel_name2 | AV1: feedback_submitted | AW1: missing_required_data | AX1: date_check | AY1: lead_time_check | AZ1: original_cost_check | BA1: final_cost_check | BB1: change_records_check | BC1: changed_flag_check | BD1: changed | BE1: cancelled | BF1: policy_compliant | BG1: feedback_submitted_check | BH1: csat_score | BI1: travel_mode | BJ1: trip_type | BK1: booking_channel
A2: T00001 | B2: E0001 | C2: Aberdeen | D2: Technology | E2: Senior Manager | F2: Client meeting | G2: 46176 | H2: 46189 | I2: 46192 | J2: 2026-06 | K2: Aberdeen | L2: Manchester | M2: Domestic | N2: Rail | O2: Standard / 2nd Class | P2: 1010 | Q2: 13 | R2: =IF(Q2<=3,"0-3 days",IF(Q2<=7,"4-7 days",IF(Q2<=14,"8-14 days",IF(Q2<=30,"15-30 days","31+ days")))) -> 8-14 days | S2: Online Booking Tool | U2: H06 | V2: =IF(U2="","",IFERROR(VLOOKUP(U2,Hotels!A:B,2,FALSE),"Not Found")) -> Premier Inn | W2: 0 | X2: 182.55 | Y2: 2 | Z2: =IF(Y2>0,AA2/Y2,0) -> 163.835 | AA2: 327.67 | AB2: 56.62 | AC2: 566.84 | AD2: No | AE2: No | AF2: =SUMIF('Trip Changes'!$B:$B,A2,'Trip Changes'!$E:$E) -> 0 | AG2: =SUMIF('Trip Cancellations'!$B:$B,A2,'Trip Cancellations'!$E:$E) -> 0 | AH2: =SUMIF('Trip Cancellations'!$B:$B,A2,'Trip Cancellations'!$F:$F) -> 0 | AI2: =AC2+AF2+AG2-AH2 -> 566.84 | AJ2: =IF(Y2=0,"N/A", IF(OR(L2="London",L2="Manchester",L2="Birmingham",L2="Edinburgh",L2="Glasgow", L2="New York",L2="Boston",L2="Chicago",L2="Zurich",L2="Singapore",L2="Hong Kong",L2="Dubai"), IF(Z2<=220,"Yes","No"), IF(Z2<=180,"Yes","No"))) -> Yes | AK2: =IF(Y2=0,"N/A", IF(_xlfn.XLOOKUP(U2,Hotels!A:A,Hotels!C:C)=TRUE,"Yes","No")) -> Yes | AL2: =IF(N2="Rail","N/A",IF(_xlfn.XLOOKUP(T2,Airlines!A:A,Airlines!C:C)=TRUE,"Yes","No")) -> N/A | AM2: =IF(OR( AND(N2="Air",O2="Economy"), AND(N2="Rail",O2="Standard / 2nd Class") ),"Yes","No") -> Yes | AN2: =IF(OR(S2="Online Booking Tool",S2="TMC Assisted"),"Yes","No") -> Yes | AO2: =IF(AND(OR(AK2="Yes",AK2="N/A"),OR(AL2="Yes",AL2="N/A")),"Yes","No") -> Yes | AP2: Yes | AQ2: =IF(AND(OR(AJ2="Yes",AJ2="N/A"),OR(AK2="Yes",AK2="N/A"),OR(AL2="Yes",AL2="N/A"),AM2="Yes",AN2="Yes"),"Yes","No") -> Yes | AR2: 5 | AS2: 40.4 | AT2: =IF(T2="","",_xlfn.XLOOKUP(T2,Airlines!A:A,Airlines!B:B,"Not Found")) | AU2: =IF(U2="","",_xlfn.XLOOKUP(U2,Hotels!A:A,Hotels!B:B,"Not found")) -> Premier Inn | AV2: Yes | AW2: =IF(OR(A2="",B2="",G2="",H2="",I2="",K2="",L2="",M2="",N2="",S2="",AC2="",AI2=""),"Check","OK") -> OK | AX2: =IF(AND(G2<=H2, H2<=I2),"OK","CHECK") -> OK | AY2: =IF(Q2=H2-G2,"OK","Check") -> OK | AZ2: =IF(ROUND(W2+X2+AA2+AB2,2)=ROUND(AC2,2),"OK","Check") -> OK | BA2: =IF(ROUND(AC2+AF2+AG2-AH2,2)=ROUND(AI2,2),"OK","Check") -> OK | BB2: =COUNTIF('Trip Changes'!B:B,A2) -> 0 | BC2: =IF(OR(AND(AD2="Yes",COUNTIF('Trip Changes'!B:B,A2)>0),AND(AD2="No",COUNTIF('Trip Changes'!B:B,A2)=0)),"OK","Check") -> OK | BD2: =IF(OR(AD2="Yes",AD2="No"),"OK","Check") -> OK | BE2: =IF(OR(AE2="Yes",AE2="No"),"OK","Check") -> OK | BF2: =IF(OR(AP2="Yes",AP2="No"),"OK","Check") -> OK | BG2: =IF(OR(AV2="Yes",AV2="No"),"OK","Check") -> OK | BH2: =IF(AND(ISNUMBER(AR2),AR2>=1,AR2<=5),"OK","Check") -> OK | BI2: =IF(OR(N2="Air",N2="Rail"),"OK","Check") -> OK | BJ2: =IF(OR(M2="Domestic",M2="International"),"OK","Check") -> OK | BK2: =IF(OR(S2="Online Booking Tool",S2="TMC Assisted",S2="Direct Supplier",S2="Other"),"OK","Check") -> OK
A3: T00002 | B3: E0001 | C3: Aberdeen | D3: Technology | E3: Senior Manager | F3: Client meeting | G3: 46224 | H3: 46226 | I3: 46230 | J3: 2026-07 | K3: Aberdeen | L3: Frankfurt | M3: International | N3: Air | O3: Economy | P3: 1390 | Q3: 2 | R3: =IF(Q3<=3,"0-3 days",IF(Q3<=7,"4-7 days",IF(Q3<=14,"8-14 days",IF(Q3<=30,"15-30 days","31+ days")))) -> 0-3 days | S3: Online Booking Tool | T3: A01 | U3: H02 | V3: =IF(U3="","",IFERROR(VLOOKUP(U3,Hotels!A:B,2,FALSE),"Not Found")) -> Hilton | W3: 480.08 | X3: 0 | Y3: 3 | Z3: =IF(Y3>0,AA3/Y3,0) -> 187.09 | AA3: 561.27 | AB3: 59 | AC3: 1100.35 | AD3: No | AE3: No | AF3: =SUMIF('Trip Changes'!$B:$B,A3,'Trip Changes'!$E:$E) -> 0 | AG3: =SUMIF('Trip Cancellations'!$B:$B,A3,'Trip Cancellations'!$E:$E) -> 0 | AH3: =SUMIF('Trip Cancellations'!$B:$B,A3,'Trip Cancellations'!$F:$F) -> 0 | AI3: =AC3+AF3+AG3-AH3 -> 1100.35 | AJ3: =IF(Y3=0,"N/A", IF(OR(L3="London",L3="Manchester",L3="Birmingham",L3="Edinburgh",L3="Glasgow", L3="New York",L3="Boston",L3="Chicago",L3="Zurich",L3="Singapore",L3="Hong Kong",L3="Dubai"), IF(Z3<=220,"Yes","No"), IF(Z3<=180,"Yes","No"))) -> No | AK3: =IF(Y3=0,"N/A", IF(_xlfn.XLOOKUP(U3,Hotels!A:A,Hotels!C:C)=TRUE,"Yes","No")) -> Yes | AL3: =IF(N3="Rail","N/A",IF(_xlfn.XLOOKUP(T3,Airlines!A:A,Airlines!C:C)=TRUE,"Yes","No")) -> Yes | AM3: =IF(OR( AND(N3="Air",O3="Economy"), AND(N3="Rail",O3="Standard / 2nd Class") ),"Yes","No") -> Yes | AN3: =IF(OR(S3="Online Booking Tool",S3="TMC Assisted"),"Yes","No") -> Yes | AO3: =IF(AND(OR(AK3="Yes",AK3="N/A"),OR(AL3="Yes",AL3="N/A")),"Yes","No") -> Yes | AP3: Yes | AQ3: =IF(AND(OR(AJ3="Yes",AJ3="N/A"),OR(AK3="Yes",AK3="N/A"),OR(AL3="Yes",AL3="N/A"),AM3="Yes",AN3="Yes"),"Yes","No") -> No | AR3: 4 | AS3: 208.5 | AT3: =IF(T3="","",_xlfn.XLOOKUP(T3,Airlines!A:A,Airlines!B:B,"Not Found")) -> British Airways | AU3: =IF(U3="","",_xlfn.XLOOKUP(U3,Hotels!A:A,Hotels!B:B,"Not found")) -> Hilton | AV3: No | AW3: =IF(OR(A3="",B3="",G3="",H3="",I3="",K3="",L3="",M3="",N3="",S3="",AC3="",AI3=""),"Check","OK") -> OK | AX3: =IF(AND(G3<=H3, H3<=I3),"OK","CHECK") -> OK | AY3: =IF(Q3=H3-G3,"OK","Check") -> OK | AZ3: =IF(ROUND(W3+X3+AA3+AB3,2)=ROUND(AC3,2),"OK","Check") -> OK | BA3: =IF(ROUND(AC3+AF3+AG3-AH3,2)=ROUND(AI3,2),"OK","Check") -> OK | BB3: =COUNTIF('Trip Changes'!B:B,A3) -> 0 | BC3: =IF(OR(AND(AD3="Yes",COUNTIF('Trip Changes'!B:B,A3)>0),AND(AD3="No",COUNTIF('Trip Changes'!B:B,A3)=0)),"OK","Check") -> OK | BD3: =IF(OR(AD3="Yes",AD3="No"),"OK","Check") -> OK | BE3: =IF(OR(AE3="Yes",AE3="No"),"OK","Check") -> OK | BF3: =IF(OR(AP3="Yes",AP3="No"),"OK","Check") -> OK | BG3: =IF(OR(AV3="Yes",AV3="No"),"OK","Check") -> OK | BH3: =IF(AND(ISNUMBER(AR3),AR3>=1,AR3<=5),"OK","Check") -> OK | BI3: =IF(OR(N3="Air",N3="Rail"),"OK","Check") -> OK | BJ3: =IF(OR(M3="Domestic",M3="International"),"OK","Check") -> OK | BK3: =IF(OR(S3="Online Booking Tool",S3="TMC Assisted",S3="Direct Supplier",S3="Other"),"OK","Check") -> OK
A4: T00003 | B4: E0001 | C4: Aberdeen | D4: Technology | E4: Senior Manager | F4: Internal meeting | G4: 46169 | H4: 46178 | I4: 46182 | J4: 2026-06 | K4: Aberdeen | L4: Milan | M4: International | N4: Air | O4: Economy | P4: 1900 | Q4: 9 | R4: =IF(Q4<=3,"0-3 days",IF(Q4<=7,"4-7 days",IF(Q4<=14,"8-14 days",IF(Q4<=30,"15-30 days","31+ days")))) -> 8-14 days | S4: TMC Assisted | T4: A05 | U4: H02 | V4: =IF(U4="","",IFERROR(VLOOKUP(U4,Hotels!A:B,2,FALSE),"Not Found")) -> Hilton | W4: 416.18 | X4: 0 | Y4: 3 | Z4: =IF(Y4>0,AA4/Y4,0) -> 212.52 | AA4: 637.56 | AB4: 140.94 | AC4: 1194.68 | AD4: No | AE4: No | AF4: =SUMIF('Trip Changes'!$B:$B,A4,'Trip Changes'!$E:$E) -> 0 | AG4: =SUMIF('Trip Cancellations'!$B:$B,A4,'Trip Cancellations'!$E:$E) -> 0 | AH4: =SUMIF('Trip Cancellations'!$B:$B,A4,'Trip Cancellations'!$F:$F) -> 0 | AI4: =AC4+AF4+AG4-AH4 -> 1194.68 | AJ4: =IF(Y4=0,"N/A", IF(OR(L4="London",L4="Manchester",L4="Birmingham",L4="Edinburgh",L4="Glasgow", L4="New York",L4="Boston",L4="Chicago",L4="Zurich",L4="Singapore",L4="Hong Kong",L4="Dubai"), IF(Z4<=220,"Yes","No"), IF(Z4<=180,"Yes","No"))) -> No | AK4: =IF(Y4=0,"N/A", IF(_xlfn.XLOOKUP(U4,Hotels!A:A,Hotels!C:C)=TRUE,"Yes","No")) -> Yes | AL4: =IF(N4="Rail","N/A",IF(_xlfn.XLOOKUP(T4,Airlines!A:A,Airlines!C:C)=TRUE,"Yes","No")) -> Yes | AM4: =IF(OR( AND(N4="Air",O4="Economy"), AND(N4="Rail",O4="Standard / 2nd Class") ),"Yes","No") -> Yes | AN4: =IF(OR(S4="Online Booking Tool",S4="TMC Assisted"),"Yes","No") -> Yes | AO4: =IF(AND(OR(AK4="Yes",AK4="N/A"),OR(AL4="Yes",AL4="N/A")),"Yes","No") -> Yes | AP4: Yes | AQ4: =IF(AND(OR(AJ4="Yes",AJ4="N/A"),OR(AK4="Yes",AK4="N/A"),OR(AL4="Yes",AL4="N/A"),AM4="Yes",AN4="Yes"),"Yes","No") -> No | AR4: 5 | AS4: 285 | AT4: =IF(T4="","",_xlfn.XLOOKUP(T4,Airlines!A:A,Airlines!B:B,"Not Found")) -> Air France | AU4: =IF(U4="","",_xlfn.XLOOKUP(U4,Hotels!A:A,Hotels!B:B,"Not found")) -> Hilton | AV4: Yes | AW4: =IF(OR(A4="",B4="",G4="",H4="",I4="",K4="",L4="",M4="",N4="",S4="",AC4="",AI4=""),"Check","OK") -> OK | AX4: =IF(AND(G4<=H4, H4<=I4),"OK","CHECK") -> OK | AY4: =IF(Q4=H4-G4,"OK","Check") -> OK | AZ4: =IF(ROUND(W4+X4+AA4+AB4,2)=ROUND(AC4,2),"OK","Check") -> OK | BA4: =IF(ROUND(AC4+AF4+AG4-AH4,2)=ROUND(AI4,2),"OK","Check") -> OK | BB4: =COUNTIF('Trip Changes'!B:B,A4) -> 0 | BC4: =IF(OR(AND(AD4="Yes",COUNTIF('Trip Changes'!B:B,A4)>0),AND(AD4="No",COUNTIF('Trip Changes'!B:B,A4)=0)),"OK","Check") -> OK | BD4: =IF(OR(AD4="Yes",AD4="No"),"OK","Check") -> OK | BE4: =IF(OR(AE4="Yes",AE4="No"),"OK","Check") -> OK | BF4: =IF(OR(AP4="Yes",AP4="No"),"OK","Check") -> OK | BG4: =IF(OR(AV4="Yes",AV4="No"),"OK","Check") -> OK | BH4: =IF(AND(ISNUMBER(AR4),AR4>=1,AR4<=5),"OK","Check") -> OK | BI4: =IF(OR(N4="Air",N4="Rail"),"OK","Check") -> OK | BJ4: =IF(OR(M4="Domestic",M4="International"),"OK","Check") -> OK | BK4: =IF(OR(S4="Online Booking Tool",S4="TMC Assisted",S4="Direct Supplier",S4="Other"),"OK","Check") -> OK
A5: T00004 | B5: E0001 | C5: Aberdeen | D5: Technology | E5: Senior Manager | F5: Project work | G5: 46139 | H5: 46153 | I5: 46155 | J5: 2026-05 | K5: Aberdeen | L5: Frankfurt | M5: International | N5: Air | O5: Economy | P5: 1676 | Q5: 14 | R5: =IF(Q5<=3,"0-3 days",IF(Q5<=7,"4-7 days",IF(Q5<=14,"8-14 days",IF(Q5<=30,"15-30 days","31+ days")))) -> 8-14 days | S5: Online Booking Tool | T5: A01 | U5: H01 | V5: =IF(U5="","",IFERROR(VLOOKUP(U5,Hotels!A:B,2,FALSE),"Not Found")) -> Marriott | W5: 261.15 | X5: 0 | Y5: 1 | Z5: =IF(Y5>0,AA5/Y5,0) -> 267.93 | AA5: 267.93 | AB5: 132.51 | AC5: 661.59 | AD5: No | AE5: No | AF5: =SUMIF('Trip Changes'!$B:$B,A5,'Trip Changes'!$E:$E) -> 0 | AG5: =SUMIF('Trip Cancellations'!$B:$B,A5,'Trip Cancellations'!$E:$E) -> 0 | AH5: =SUMIF('Trip Cancellations'!$B:$B,A5,'Trip Cancellations'!$F:$F) -> 0 | AI5: =AC5+AF5+AG5-AH5 -> 661.59 | AJ5: =IF(Y5=0,"N/A", IF(OR(L5="London",L5="Manchester",L5="Birmingham",L5="Edinburgh",L5="Glasgow", L5="New York",L5="Boston",L5="Chicago",L5="Zurich",L5="Singapore",L5="Hong Kong",L5="Dubai"), IF(Z5<=220,"Yes","No"), IF(Z5<=180,"Yes","No"))) -> No | AK5: =IF(Y5=0,"N/A", IF(_xlfn.XLOOKUP(U5,Hotels!A:A,Hotels!C:C)=TRUE,"Yes","No")) -> Yes | AL5: =IF(N5="Rail","N/A",IF(_xlfn.XLOOKUP(T5,Airlines!A:A,Airlines!C:C)=TRUE,"Yes","No")) -> Yes | AM5: =IF(OR( AND(N5="Air",O5="Economy"), AND(N5="Rail",O5="Standard / 2nd Class") ),"Yes","No") -> Yes | AN5: =IF(OR(S5="Online Booking Tool",S5="TMC Assisted"),"Yes","No") -> Yes | AO5: =IF(AND(OR(AK5="Yes",AK5="N/A"),OR(AL5="Yes",AL5="N/A")),"Yes","No") -> Yes | AP5: Yes | AQ5: =IF(AND(OR(AJ5="Yes",AJ5="N/A"),OR(AK5="Yes",AK5="N/A"),OR(AL5="Yes",AL5="N/A"),AM5="Yes",AN5="Yes"),"Yes","No") -> No | AR5: 4 | AS5: 251.4 | AT5: =IF(T5="","",_xlfn.XLOOKUP(T5,Airlines!A:A,Airlines!B:B,"Not Found")) -> British Airways | AU5: =IF(U5="","",_xlfn.XLOOKUP(U5,Hotels!A:A,Hotels!B:B,"Not found")) -> Marriott | AV5: No | AW5: =IF(OR(A5="",B5="",G5="",H5="",I5="",K5="",L5="",M5="",N5="",S5="",AC5="",AI5=""),"Check","OK") -> OK | AX5: =IF(AND(G5<=H5, H5<=I5),"OK","CHECK") -> OK | AY5: =IF(Q5=H5-G5,"OK","Check") -> OK | AZ5: =IF(ROUND(W5+X5+AA5+AB5,2)=ROUND(AC5,2),"OK","Check") -> OK | BA5: =IF(ROUND(AC5+AF5+AG5-AH5,2)=ROUND(AI5,2),"OK","Check") -> OK | BB5: =COUNTIF('Trip Changes'!B:B,A5) -> 0 | BC5: =IF(OR(AND(AD5="Yes",COUNTIF('Trip Changes'!B:B,A5)>0),AND(AD5="No",COUNTIF('Trip Changes'!B:B,A5)=0)),"OK","Check") -> OK | BD5: =IF(OR(AD5="Yes",AD5="No"),"OK","Check") -> OK | BE5: =IF(OR(AE5="Yes",AE5="No"),"OK","Check") -> OK | BF5: =IF(OR(AP5="Yes",AP5="No"),"OK","Check") -> OK | BG5: =IF(OR(AV5="Yes",AV5="No"),"OK","Check") -> OK | BH5: =IF(AND(ISNUMBER(AR5),AR5>=1,AR5<=5),"OK","Check") -> OK | BI5: =IF(OR(N5="Air",N5="Rail"),"OK","Check") -> OK | BJ5: =IF(OR(M5="Domestic",M5="International"),"OK","Check") -> OK | BK5: =IF(OR(S5="Online Booking Tool",S5="TMC Assisted",S5="Direct Supplier",S5="Other"),"OK","Check") -> OK
A6: T00005 | B6: E0002 | C6: Reading | D6: Audit & Assurance | E6: Manager | F6: Conference / Event | G6: 46114 | H6: 46146 | I6: 46149 | J6: 2026-05 | K6: Reading | L6: Berlin | M6: International | N6: Air | O6: Economy | P6: 1146 | Q6: 32 | R6: =IF(Q6<=3,"0-3 days",IF(Q6<=7,"4-7 days",IF(Q6<=14,"8-14 days",IF(Q6<=30,"15-30 days","31+ days")))) -> 31+ days | S6: TMC Assisted | T6: A04 | U6: H04 | V6: =IF(U6="","",IFERROR(VLOOKUP(U6,Hotels!A:B,2,FALSE),"Not Found")) -> Accor | W6: 502.93 | X6: 0 | Y6: 2 | Z6: =IF(Y6>0,AA6/Y6,0) -> 138.55 | AA6: 277.1 | AB6: 65.55 | AC6: 845.58 | AD6: No | AE6: No | AF6: =SUMIF('Trip Changes'!$B:$B,A6,'Trip Changes'!$E:$E) -> 0 | AG6: =SUMIF('Trip Cancellations'!$B:$B,A6,'Trip Cancellations'!$E:$E) -> 0 | AH6: =SUMIF('Trip Cancellations'!$B:$B,A6,'Trip Cancellations'!$F:$F) -> 0 | AI6: =AC6+AF6+AG6-AH6 -> 845.58 | AJ6: =IF(Y6=0,"N/A", IF(OR(L6="London",L6="Manchester",L6="Birmingham",L6="Edinburgh",L6="Glasgow", L6="New York",L6="Boston",L6="Chicago",L6="Zurich",L6="Singapore",L6="Hong Kong",L6="Dubai"), IF(Z6<=220,"Yes","No"), IF(Z6<=180,"Yes","No"))) -> Yes | AK6: =IF(Y6=0,"N/A", IF(_xlfn.XLOOKUP(U6,Hotels!A:A,Hotels!C:C)=TRUE,"Yes","No")) -> Yes | AL6: =IF(N6="Rail","N/A",IF(_xlfn.XLOOKUP(T6,Airlines!A:A,Airlines!C:C)=TRUE,"Yes","No")) -> Yes | AM6: =IF(OR( AND(N6="Air",O6="Economy"), AND(N6="Rail",O6="Standard / 2nd Class") ),"Yes","No") -> Yes | AN6: =IF(OR(S6="Online Booking Tool",S6="TMC Assisted"),"Yes","No") -> Yes | AO6: =IF(AND(OR(AK6="Yes",AK6="N/A"),OR(AL6="Yes",AL6="N/A")),"Yes","No") -> Yes | AP6: Yes | AQ6: =IF(AND(OR(AJ6="Yes",AJ6="N/A"),OR(AK6="Yes",AK6="N/A"),OR(AL6="Yes",AL6="N/A"),AM6="Yes",AN6="Yes"),"Yes","No") -> Yes | AR6: 5 | AS6: 171.9 | AT6: =IF(T6="","",_xlfn.XLOOKUP(T6,Airlines!A:A,Airlines!B:B,"Not Found")) -> Lufthansa | AU6: =IF(U6="","",_xlfn.XLOOKUP(U6,Hotels!A:A,Hotels!B:B,"Not found")) -> Accor | AV6: No | AW6: =IF(OR(A6="",B6="",G6="",H6="",I6="",K6="",L6="",M6="",N6="",S6="",AC6="",AI6=""),"Check","OK") -> OK | AX6: =IF(AND(G6<=H6, H6<=I6),"OK","CHECK") -> OK | AY6: =IF(Q6=H6-G6,"OK","Check") -> OK | AZ6: =IF(ROUND(W6+X6+AA6+AB6,2)=ROUND(AC6,2),"OK","Check") -> OK | BA6: =IF(ROUND(AC6+AF6+AG6-AH6,2)=ROUND(AI6,2),"OK","Check") -> OK | BB6: =COUNTIF('Trip Changes'!B:B,A6) -> 0 | BC6: =IF(OR(AND(AD6="Yes",COUNTIF('Trip Changes'!B:B,A6)>0),AND(AD6="No",COUNTIF('Trip Changes'!B:B,A6)=0)),"OK","Check") -> OK | BD6: =IF(OR(AD6="Yes",AD6="No"),"OK","Check") -> OK | BE6: =IF(OR(AE6="Yes",AE6="No"),"OK","Check") -> OK | BF6: =IF(OR(AP6="Yes",AP6="No"),"OK","Check") -> OK | BG6: =IF(OR(AV6="Yes",AV6="No"),"OK","Check") -> OK | BH6: =IF(AND(ISNUMBER(AR6),AR6>=1,AR6<=5),"OK","Check") -> OK | BI6: =IF(OR(N6="Air",N6="Rail"),"OK","Check") -> OK | BJ6: =IF(OR(M6="Domestic",M6="International"),"OK","Check") -> OK | BK6: =IF(OR(S6="Online Booking Tool",S6="TMC Assisted",S6="Direct Supplier",S6="Other"),"OK","Check") -> OK
A7: T00006 | B7: E0002 | C7: Reading | D7: Audit & Assurance | E7: Manager | F7: Client meeting | G7: 46153 | H7: 46170 | I7: 46174 | J7: 2026-05 | K7: Reading | L7: Zurich | M7: International | N7: Air | O7: Economy | P7: 2472 | Q7: 17 | R7: =IF(Q7<=3,"0-3 days",IF(Q7<=7,"4-7 days",IF(Q7<=14,"8-14 days",IF(Q7<=30,"15-30 days","31+ days")))) -> 15-30 days | S7: Online Booking Tool | T7: A02 | U7: H02 | V7: =IF(U7="","",IFERROR(VLOOKUP(U7,Hotels!A:B,2,FALSE),"Not Found")) -> Hilton | W7: 150 | X7: 0 | Y7: 3 | Z7: =IF(Y7>0,AA7/Y7,0) -> 152.62667 | AA7: 457.88 | AB7: 45.91 | AC7: 653.79 | AD7: No | AE7: No | AF7: =SUMIF('Trip Changes'!$B:$B,A7,'Trip Changes'!$E:$E) -> 0 | AG7: =SUMIF('Trip Cancellations'!$B:$B,A7,'Trip Cancellations'!$E:$E) -> 0 | AH7: =SUMIF('Trip Cancellations'!$B:$B,A7,'Trip Cancellations'!$F:$F) -> 0 | AI7: =AC7+AF7+AG7-AH7 -> 653.79 | AJ7: =IF(Y7=0,"N/A", IF(OR(L7="London",L7="Manchester",L7="Birmingham",L7="Edinburgh",L7="Glasgow", L7="New York",L7="Boston",L7="Chicago",L7="Zurich",L7="Singapore",L7="Hong Kong",L7="Dubai"), IF(Z7<=220,"Yes","No"), IF(Z7<=180,"Yes","No"))) -> Yes | AK7: =IF(Y7=0,"N/A", IF(_xlfn.XLOOKUP(U7,Hotels!A:A,Hotels!C:C)=TRUE,"Yes","No")) -> Yes | AL7: =IF(N7="Rail","N/A",IF(_xlfn.XLOOKUP(T7,Airlines!A:A,Airlines!C:C)=TRUE,"Yes","No")) -> Yes | AM7: =IF(OR( AND(N7="Air",O7="Economy"), AND(N7="Rail",O7="Standard / 2nd Class") ),"Yes","No") -> Yes | AN7: =IF(OR(S7="Online Booking Tool",S7="TMC Assisted"),"Yes","No") -> Yes | AO7: =IF(AND(OR(AK7="Yes",AK7="N/A"),OR(AL7="Yes",AL7="N/A")),"Yes","No") -> Yes | AP7: Yes | AQ7: =IF(AND(OR(AJ7="Yes",AJ7="N/A"),OR(AK7="Yes",AK7="N/A"),OR(AL7="Yes",AL7="N/A"),AM7="Yes",AN7="Yes"),"Yes","No") -> Yes | AR7: 5 | AS7: 370.8 | AT7: =IF(T7="","",_xlfn.XLOOKUP(T7,Airlines!A:A,Airlines!B:B,"Not Found")) -> easyJet | AU7: =IF(U7="","",_xlfn.XLOOKUP(U7,Hotels!A:A,Hotels!B:B,"Not found")) -> Hilton | AV7: No | AW7: =IF(OR(A7="",B7="",G7="",H7="",I7="",K7="",L7="",M7="",N7="",S7="",AC7="",AI7=""),"Check","OK") -> OK | AX7: =IF(AND(G7<=H7, H7<=I7),"OK","CHECK") -> OK | AY7: =IF(Q7=H7-G7,"OK","Check") -> OK | AZ7: =IF(ROUND(W7+X7+AA7+AB7,2)=ROUND(AC7,2),"OK","Check") -> OK | BA7: =IF(ROUND(AC7+AF7+AG7-AH7,2)=ROUND(AI7,2),"OK","Check") -> OK | BB7: =COUNTIF('Trip Changes'!B:B,A7) -> 0 | BC7: =IF(OR(AND(AD7="Yes",COUNTIF('Trip Changes'!B:B,A7)>0),AND(AD7="No",COUNTIF('Trip Changes'!B:B,A7)=0)),"OK","Check") -> OK | BD7: =IF(OR(AD7="Yes",AD7="No"),"OK","Check") -> OK | BE7: =IF(OR(AE7="Yes",AE7="No"),"OK","Check") -> OK | BF7: =IF(OR(AP7="Yes",AP7="No"),"OK","Check") -> OK | BG7: =IF(OR(AV7="Yes",AV7="No"),"OK","Check") -> OK | BH7: =IF(AND(ISNUMBER(AR7),AR7>=1,AR7<=5),"OK","Check") -> OK | BI7: =IF(OR(N7="Air",N7="Rail"),"OK","Check") -> OK | BJ7: =IF(OR(M7="Domestic",M7="International"),"OK","Check") -> OK | BK7: =IF(OR(S7="Online Booking Tool",S7="TMC Assisted",S7="Direct Supplier",S7="Other"),"OK","Check") -> OK
A8: T00007 | B8: E0002 | C8: Reading | D8: Audit & Assurance | E8: Manager | F8: Team building | G8: 46208 | H8: 46226 | I8: 46231 | J8: 2026-07 | K8: Reading | L8: Dubai | M8: International | N8: Air | O8: Economy | P8: 16462 | Q8: 18 | R8: =IF(Q8<=3,"0-3 days",IF(Q8<=7,"4-7 days",IF(Q8<=14,"8-14 days",IF(Q8<=30,"15-30 days","31+ days")))) -> 15-30 days | S8: TMC Assisted | T8: A01 | U8: H02 | V8: =IF(U8="","",IFERROR(VLOOKUP(U8,Hotels!A:B,2,FALSE),"Not Found")) -> Hilton | W8: 1520.77 | X8: 0 | Y8: 4 | Z8: =IF(Y8>0,AA8/Y8,0) -> 258.375 | AA8: 1033.5 | AB8: 73.48 | AC8: 2627.75 | AD8: No | AE8: No | AF8: =SUMIF('Trip Changes'!$B:$B,A8,'Trip Changes'!$E:$E) -> 0 | AG8: =SUMIF('Trip Cancellations'!$B:$B,A8,'Trip Cancellations'!$E:$E) -> 0 | AH8: =SUMIF('Trip Cancellations'!$B:$B,A8,'Trip Cancellations'!$F:$F) -> 0 | AI8: =AC8+AF8+AG8-AH8 -> 2627.75 | AJ8: =IF(Y8=0,"N/A", IF(OR(L8="London",L8="Manchester",L8="Birmingham",L8="Edinburgh",L8="Glasgow", L8="New York",L8="Boston",L8="Chicago",L8="Zurich",L8="Singapore",L8="Hong Kong",L8="Dubai"), IF(Z8<=220,"Yes","No"), IF(Z8<=180,"Yes","No"))) -> No | AK8: =IF(Y8=0,"N/A", IF(_xlfn.XLOOKUP(U8,Hotels!A:A,Hotels!C:C)=TRUE,"Yes","No")) -> Yes | AL8: =IF(N8="Rail","N/A",IF(_xlfn.XLOOKUP(T8,Airlines!A:A,Airlines!C:C)=TRUE,"Yes","No")) -> Yes | AM8: =IF(OR( AND(N8="Air",O8="Economy"), AND(N8="Rail",O8="Standard / 2nd Class") ),"Yes","No") -> Yes | AN8: =IF(OR(S8="Online Booking Tool",S8="TMC Assisted"),"Yes","No") -> Yes | AO8: =IF(AND(OR(AK8="Yes",AK8="N/A"),OR(AL8="Yes",AL8="N/A")),"Yes","No") -> Yes | AP8: No | AQ8: =IF(AND(OR(AJ8="Yes",AJ8="N/A"),OR(AK8="Yes",AK8="N/A"),OR(AL8="Yes",AL8="N/A"),AM8="Yes",AN8="Yes"),"Yes","No") -> No | AR8: 5 | AS8: 2469.3 | AT8: =IF(T8="","",_xlfn.XLOOKUP(T8,Airlines!A:A,Airlines!B:B,"Not Found")) -> British Airways | AU8: =IF(U8="","",_xlfn.XLOOKUP(U8,Hotels!A:A,Hotels!B:B,"Not found")) -> Hilton | AV8: No | AW8: =IF(OR(A8="",B8="",G8="",H8="",I8="",K8="",L8="",M8="",N8="",S8="",AC8="",AI8=""),"Check","OK") -> OK | AX8: =IF(AND(G8<=H8, H8<=I8),"OK","CHECK") -> OK | AY8: =IF(Q8=H8-G8,"OK","Check") -> OK | AZ8: =IF(ROUND(W8+X8+AA8+AB8,2)=ROUND(AC8,2),"OK","Check") -> OK | BA8: =IF(ROUND(AC8+AF8+AG8-AH8,2)=ROUND(AI8,2),"OK","Check") -> OK | BB8: =COUNTIF('Trip Changes'!B:B,A8) -> 0 | BC8: =IF(OR(AND(AD8="Yes",COUNTIF('Trip Changes'!B:B,A8)>0),AND(AD8="No",COUNTIF('Trip Changes'!B:B,A8)=0)),"OK","Check") -> OK | BD8: =IF(OR(AD8="Yes",AD8="No"),"OK","Check") -> OK | BE8: =IF(OR(AE8="Yes",AE8="No"),"OK","Check") -> OK | BF8: =IF(OR(AP8="Yes",AP8="No"),"OK","Check") -> OK | BG8: =IF(OR(AV8="Yes",AV8="No"),"OK","Check") -> OK | BH8: =IF(AND(ISNUMBER(AR8),AR8>=1,AR8<=5),"OK","Check") -> OK | BI8: =IF(OR(N8="Air",N8="Rail"),"OK","Check") -> OK | BJ8: =IF(OR(M8="Domestic",M8="International"),"OK","Check") -> OK | BK8: =IF(OR(S8="Online Booking Tool",S8="TMC Assisted",S8="Direct Supplier",S8="Other"),"OK","Check") -> OK
A9: T00008 | B9: E0002 | C9: Reading | D9: Audit & Assurance | E9: Manager | F9: Recruitment / Interview | G9: 46193 | H9: 46203 | I9: 46205 | J9: 2026-06 | K9: Reading | L9: London | M9: Domestic | N9: Rail | O9: Standard / 2nd Class | P9: 512 | Q9: 10 | R9: =IF(Q9<=3,"0-3 days",IF(Q9<=7,"4-7 days",IF(Q9<=14,"8-14 days",IF(Q9<=30,"15-30 days","31+ days")))) -> 8-14 days | S9: Online Booking Tool | U9: H02 | V9: =IF(U9="","",IFERROR(VLOOKUP(U9,Hotels!A:B,2,FALSE),"Not Found")) -> Hilton | W9: 0 | X9: 200.83 | Y9: 1 | Z9: =IF(Y9>0,AA9/Y9,0) -> 133.25 | AA9: 133.25 | AB9: 26.45 | AC9: 360.53 | AD9: No | AE9: No | AF9: =SUMIF('Trip Changes'!$B:$B,A9,'Trip Changes'!$E:$E) -> 0 | AG9: =SUMIF('Trip Cancellations'!$B:$B,A9,'Trip Cancellations'!$E:$E) -> 0 | AH9: =SUMIF('Trip Cancellations'!$B:$B,A9,'Trip Cancellations'!$F:$F) -> 0 | AI9: =AC9+AF9+AG9-AH9 -> 360.53 | AJ9: =IF(Y9=0,"N/A", IF(OR(L9="London",L9="Manchester",L9="Birmingham",L9="Edinburgh",L9="Glasgow", L9="New York",L9="Boston",L9="Chicago",L9="Zurich",L9="Singapore",L9="Hong Kong",L9="Dubai"), IF(Z9<=220,"Yes","No"), IF(Z9<=180,"Yes","No"))) -> Yes | AK9: =IF(Y9=0,"N/A", IF(_xlfn.XLOOKUP(U9,Hotels!A:A,Hotels!C:C)=TRUE,"Yes","No")) -> Yes | AL9: =IF(N9="Rail","N/A",IF(_xlfn.XLOOKUP(T9,Airlines!A:A,Airlines!C:C)=TRUE,"Yes","No")) -> N/A | AM9: =IF(OR( AND(N9="Air",O9="Economy"), AND(N9="Rail",O9="Standard / 2nd Class") ),"Yes","No") -> Yes | AN9: =IF(OR(S9="Online Booking Tool",S9="TMC Assisted"),"Yes","No") -> Yes | AO9: =IF(AND(OR(AK9="Yes",AK9="N/A"),OR(AL9="Yes",AL9="N/A")),"Yes","No") -> Yes | AP9: Yes | AQ9: =IF(AND(OR(AJ9="Yes",AJ9="N/A"),OR(AK9="Yes",AK9="N/A"),OR(AL9="Yes",AL9="N/A"),AM9="Yes",AN9="Yes"),"Yes","No") -> Yes | AR9: 4 | AS9: 20.5 | AT9: =IF(T9="","",_xlfn.XLOOKUP(T9,Airlines!A:A,Airlines!B:B,"Not Found")) | AU9: =IF(U9="","",_xlfn.XLOOKUP(U9,Hotels!A:A,Hotels!B:B,"Not found")) -> Hilton | AV9: No | AW9: =IF(OR(A9="",B9="",G9="",H9="",I9="",K9="",L9="",M9="",N9="",S9="",AC9="",AI9=""),"Check","OK") -> OK | AX9: =IF(AND(G9<=H9, H9<=I9),"OK","CHECK") -> OK | AY9: =IF(Q9=H9-G9,"OK","Check") -> OK | AZ9: =IF(ROUND(W9+X9+AA9+AB9,2)=ROUND(AC9,2),"OK","Check") -> OK | BA9: =IF(ROUND(AC9+AF9+AG9-AH9,2)=ROUND(AI9,2),"OK","Check") -> OK | BB9: =COUNTIF('Trip Changes'!B:B,A9) -> 0 | BC9: =IF(OR(AND(AD9="Yes",COUNTIF('Trip Changes'!B:B,A9)>0),AND(AD9="No",COUNTIF('Trip Changes'!B:B,A9)=0)),"OK","Check") -> OK | BD9: =IF(OR(AD9="Yes",AD9="No"),"OK","Check") -> OK | BE9: =IF(OR(AE9="Yes",AE9="No"),"OK","Check") -> OK | BF9: =IF(OR(AP9="Yes",AP9="No"),"OK","Check") -> OK | BG9: =IF(OR(AV9="Yes",AV9="No"),"OK","Check") -> OK | BH9: =IF(AND(ISNUMBER(AR9),AR9>=1,AR9<=5),"OK","Check") -> OK | BI9: =IF(OR(N9="Air",N9="Rail"),"OK","Check") -> OK | BJ9: =IF(OR(M9="Domestic",M9="International"),"OK","Check") -> OK | BK9: =IF(OR(S9="Online Booking Tool",S9="TMC Assisted",S9="Direct Supplier",S9="Other"),"OK","Check") -> OK
A10: T00009 | B10: E0003 | C10: Manchester | D10: Technology | E10: Senior Manager | F10: Recruitment / Interview | G10: 46160 | H10: 46184 | I10: 46186 | J10: 2026-06 | K10: Manchester | L10: New York | M10: International | N10: Air | O10: Premium Economy | P10: 12978 | Q10: 24 | R10: =IF(Q10<=3,"0-3 days",IF(Q10<=7,"4-7 days",IF(Q10<=14,"8-14 days",IF(Q10<=30,"15-30 days","31+ days")))) -> 15-30 days | S10: Online Booking Tool | T10: A07 | U10: H03 | V10: =IF(U10="","",IFERROR(VLOOKUP(U10,Hotels!A:B,2,FALSE),"Not Found")) -> IHG Hotels & Resorts | W10: 520 | X10: 0 | Y10: 1 | Z10: =IF(Y10>0,AA10/Y10,0) -> 208.72 | AA10: 208.72 | AB10: 74.62 | AC10: 803.34 | AD10: No | AE10: No | AF10: =SUMIF('Trip Changes'!$B:$B,A10,'Trip Changes'!$E:$E) -> 0 | AG10: =SUMIF('Trip Cancellations'!$B:$B,A10,'Trip Cancellations'!$E:$E) -> 0 | AH10: =SUMIF('Trip Cancellations'!$B:$B,A10,'Trip Cancellations'!$F:$F) -> 0 | AI10: =AC10+AF10+AG10-AH10 -> 803.34 | AJ10: =IF(Y10=0,"N/A", IF(OR(L10="London",L10="Manchester",L10="Birmingham",L10="Edinburgh",L10="Glasgow", L10="New York",L10="Boston",L10="Chicago",L10="Zurich",L10="Singapore",L10="Hong Kong",L10="Dubai"), IF(Z10<=220,"Yes","No"), IF(Z10<=180,"Yes","No"))) -> Yes | AK10: =IF(Y10=0,"N/A", IF(_xlfn.XLOOKUP(U10,Hotels!A:A,Hotels!C:C)=TRUE,"Yes","No")) -> Yes | AL10: =IF(N10="Rail","N/A",IF(_xlfn.XLOOKUP(T10,Airlines!A:A,Airlines!C:C)=TRUE,"Yes","No")) -> Yes | AM10: =IF(OR( AND(N10="Air",O10="Economy"), AND(N10="Rail",O10="Standard / 2nd Class") ),"Yes","No") -> No | AN10: =IF(OR(S10="Online Booking Tool",S10="TMC Assisted"),"Yes","No") -> Yes | AO10: =IF(AND(OR(AK10="Yes",AK10="N/A"),OR(AL10="Yes",AL10="N/A")),"Yes","No") -> Yes | AP10: Yes | AQ10: =IF(AND(OR(AJ10="Yes",AJ10="N/A"),OR(AK10="Yes",AK10="N/A"),OR(AL10="Yes",AL10="N/A"),AM10="Yes",AN10="Yes"),"Yes","No") -> No | AR10: 5 | AS10: 1946.7 | AT10: =IF(T10="","",_xlfn.XLOOKUP(T10,Airlines!A:A,Airlines!B:B,"Not Found")) -> Virgin Atlantic | AU10: =IF(U10="","",_xlfn.XLOOKUP(U10,Hotels!A:A,Hotels!B:B,"Not found")) -> IHG Hotels & Resorts | AV10: No | AW10: =IF(OR(A10="",B10="",G10="",H10="",I10="",K10="",L10="",M10="",N10="",S10="",AC10="",AI10=""),"Check","OK") -> OK | AX10: =IF(AND(G10<=H10, H10<=I10),"OK","CHECK") -> OK | AY10: =IF(Q10=H10-G10,"OK","Check") -> OK | AZ10: =IF(ROUND(W10+X10+AA10+AB10,2)=ROUND(AC10,2),"OK","Check") -> OK | BA10: =IF(ROUND(AC10+AF10+AG10-AH10,2)=ROUND(AI10,2),"OK","Check") -> OK | BB10: =COUNTIF('Trip Changes'!B:B,A10) -> 0 | BC10: =IF(OR(AND(AD10="Yes",COUNTIF('Trip Changes'!B:B,A10)>0),AND(AD10="No",COUNTIF('Trip Changes'!B:B,A10)=0)),"OK","Check") -> OK | BD10: =IF(OR(AD10="Yes",AD10="No"),"OK","Check") -> OK | BE10: =IF(OR(AE10="Yes",AE10="No"),"OK","Check") -> OK | BF10: =IF(OR(AP10="Yes",AP10="No"),"OK","Check") -> OK | BG10: =IF(OR(AV10="Yes",AV10="No"),"OK","Check") -> OK | BH10: =IF(AND(ISNUMBER(AR10),AR10>=1,AR10<=5),"OK","Check") -> OK | BI10: =IF(OR(N10="Air",N10="Rail"),"OK","Check") -> OK | BJ10: =IF(OR(M10="Domestic",M10="International"),"OK","Check") -> OK | BK10: =IF(OR(S10="Online Booking Tool",S10="TMC Assisted",S10="Direct Supplier",S10="Other"),"OK","Check") -> OK
A11: T00010 | B11: E0003 | C11: Manchester | D11: Technology | E11: Senior Manager | F11: Training | G11: 46212 | H11: 46224 | I11: 46228 | J11: 2026-07 | K11: Manchester | L11: New York | M11: International | N11: Air | O11: Economy | P11: 11812 | Q11: 12 | R11: =IF(Q11<=3,"0-3 days",IF(Q11<=7,"4-7 days",IF(Q11<=14,"8-14 days",IF(Q11<=30,"15-30 days","31+ days")))) -> 8-14 days | S11: TMC Assisted | T11: A07 | U11: H05 | V11: =IF(U11="","",IFERROR(VLOOKUP(U11,Hotels!A:B,2,FALSE),"Not Found")) -> Radisson Hotel Group | W11: 1607.82 | X11: 0 | Y11: 3 | Z11: =IF(Y11>0,AA11/Y11,0) -> 188.55667 | AA11: 565.67 | AB11: 94.45 | AC11: 2267.94 | AD11: No | AE11: Yes | AF11: =SUMIF('Trip Changes'!$B:$B,A11,'Trip Changes'!$E:$E) -> 0 | AG11: =SUMIF('Trip Cancellations'!$B:$B,A11,'Trip Cancellations'!$E:$E) -> 176.35 | AH11: =SUMIF('Trip Cancellations'!$B:$B,A11,'Trip Cancellations'!$F:$F) -> 1086.74 | AI11: =AC11+AF11+AG11-AH11 -> 1357.55 | AJ11: =IF(Y11=0,"N/A", IF(OR(L11="London",L11="Manchester",L11="Birmingham",L11="Edinburgh",L11="Glasgow", L11="New York",L11="Boston",L11="Chicago",L11="Zurich",L11="Singapore",L11="Hong Kong",L11="Dubai"), IF(Z11<=220,"Yes","No"), IF(Z11<=180,"Yes","No"))) -> Yes | AK11: =IF(Y11=0,"N/A", IF(_xlfn.XLOOKUP(U11,Hotels!A:A,Hotels!C:C)=TRUE,"Yes","No")) -> No | AL11: =IF(N11="Rail","N/A",IF(_xlfn.XLOOKUP(T11,Airlines!A:A,Airlines!C:C)=TRUE,"Yes","No")) -> Yes | AM11: =IF(OR( AND(N11="Air",O11="Economy"), AND(N11="Rail",O11="Standard / 2nd Class") ),"Yes","No") -> Yes | AN11: =IF(OR(S11="Online Booking Tool",S11="TMC Assisted"),"Yes","No") -> Yes | AO11: =IF(AND(OR(AK11="Yes",AK11="N/A"),OR(AL11="Yes",AL11="N/A")),"Yes","No") -> No | AP11: Yes | AQ11: =IF(AND(OR(AJ11="Yes",AJ11="N/A"),OR(AK11="Yes",AK11="N/A"),OR(AL11="Yes",AL11="N/A"),AM11="Yes",AN11="Yes"),"Yes","No") -> No | AR11: 3 | AS11: 1771.8 | AT11: =IF(T11="","",_xlfn.XLOOKUP(T11,Airlines!A:A,Airlines!B:B,"Not Found")) -> Virgin Atlantic | AU11: =IF(U11="","",_xlfn.XLOOKUP(U11,Hotels!A:A,Hotels!B:B,"Not found")) -> Radisson Hotel Group | AV11: Yes | AW11: =IF(OR(A11="",B11="",G11="",H11="",I11="",K11="",L11="",M11="",N11="",S11="",AC11="",AI11=""),"Check","OK") -> OK | AX11: =IF(AND(G11<=H11, H11<=I11),"OK","CHECK") -> OK | AY11: =IF(Q11=H11-G11,"OK","Check") -> OK | AZ11: =IF(ROUND(W11+X11+AA11+AB11,2)=ROUND(AC11,2),"OK","Check") -> OK | BA11: =IF(ROUND(AC11+AF11+AG11-AH11,2)=ROUND(AI11,2),"OK","Check") -> OK | BB11: =COUNTIF('Trip Changes'!B:B,A11) -> 0 | BC11: =IF(OR(AND(AD11="Yes",COUNTIF('Trip Changes'!B:B,A11)>0),AND(AD11="No",COUNTIF('Trip Changes'!B:B,A11)=0)),"OK","Check") -> OK | BD11: =IF(OR(AD11="Yes",AD11="No"),"OK","Check") -> OK | BE11: =IF(OR(AE11="Yes",AE11="No"),"OK","Check") -> OK | BF11: =IF(OR(AP11="Yes",AP11="No"),"OK","Check") -> OK | BG11: =IF(OR(AV11="Yes",AV11="No"),"OK","Check") -> OK | BH11: =IF(AND(ISNUMBER(AR11),AR11>=1,AR11<=5),"OK","Check") -> OK | BI11: =IF(OR(N11="Air",N11="Rail"),"OK","Check") -> OK | BJ11: =IF(OR(M11="Domestic",M11="International"),"OK","Check") -> OK | BK11: =IF(OR(S11="Online Booking Tool",S11="TMC Assisted",S11="Direct Supplier",S11="Other"),"OK","Check") -> OK
A12: T00011 | B12: E0004 | C12: Birmingham | D12: Corporate Functions | E12: Manager | F12: Internal meeting | G12: 46204 | H12: 46213 | I12: 46216 | J12: 2026-07 | K12: Birmingham | L12: London | M12: Domestic | N12: Rail | O12: Standard / 2nd Class | P12: 324 | Q12: 9 | R12: =IF(Q12<=3,"0-3 days",IF(Q12<=7,"4-7 days",IF(Q12<=14,"8-14 days",IF(Q12<=30,"15-30 days","31+ days")))) -> 8-14 days | S12: Online Booking Tool | U12: H07 | V12: =IF(U12="","",IFERROR(VLOOKUP(U12,Hotels!A:B,2,FALSE),"Not Found")) -> Travelodge | W12: 0 | X12: 171.23 | Y12: 2 | Z12: =IF(Y12>0,AA12/Y12,0) -> 171.86 | AA12: 343.72 | AB12: 105.02 | AC12: 619.97 | AD12: No | AE12: No | AF12: =SUMIF('Trip Changes'!$B:$B,A12,'Trip Changes'!$E:$E) -> 0 | AG12: =SUMIF('Trip Cancellations'!$B:$B,A12,'Trip Cancellations'!$E:$E) -> 0 | AH12: =SUMIF('Trip Cancellations'!$B:$B,A12,'Trip Cancellations'!$F:$F) -> 0 | AI12: =AC12+AF12+AG12-AH12 -> 619.97 | AJ12: =IF(Y12=0,"N/A", IF(OR(L12="London",L12="Manchester",L12="Birmingham",L12="Edinburgh",L12="Glasgow", L12="New York",L12="Boston",L12="Chicago",L12="Zurich",L12="Singapore",L12="Hong Kong",L12="Dubai"), IF(Z12<=220,"Yes","No"), IF(Z12<=180,"Yes","No"))) -> Yes | AK12: =IF(Y12=0,"N/A", IF(_xlfn.XLOOKUP(U12,Hotels!A:A,Hotels!C:C)=TRUE,"Yes","No")) -> No | AL12: =IF(N12="Rail","N/A",IF(_xlfn.XLOOKUP(T12,Airlines!A:A,Airlines!C:C)=TRUE,"Yes","No")) -> N/A | AM12: =IF(OR( AND(N12="Air",O12="Economy"), AND(N12="Rail",O12="Standard / 2nd Class") ),"Yes","No") -> Yes | AN12: =IF(OR(S12="Online Booking Tool",S12="TMC Assisted"),"Yes","No") -> Yes | AO12: =IF(AND(OR(AK12="Yes",AK12="N/A"),OR(AL12="Yes",AL12="N/A")),"Yes","No") -> No | AP12: Yes | AQ12: =IF(AND(OR(AJ12="Yes",AJ12="N/A"),OR(AK12="Yes",AK12="N/A"),OR(AL12="Yes",AL12="N/A"),AM12="Yes",AN12="Yes"),"Yes","No") -> No | AR12: 4 | AS12: 13 | AT12: =IF(T12="","",_xlfn.XLOOKUP(T12,Airlines!A:A,Airlines!B:B,"Not Found")) | AU12: =IF(U12="","",_xlfn.XLOOKUP(U12,Hotels!A:A,Hotels!B:B,"Not found")) -> Travelodge | AV12: No | AW12: =IF(OR(A12="",B12="",G12="",H12="",I12="",K12="",L12="",M12="",N12="",S12="",AC12="",AI12=""),"Check","OK") -> OK | AX12: =IF(AND(G12<=H12, H12<=I12),"OK","CHECK") -> OK | AY12: =IF(Q12=H12-G12,"OK","Check") -> OK | AZ12: =IF(ROUND(W12+X12+AA12+AB12,2)=ROUND(AC12,2),"OK","Check") -> OK | BA12: =IF(ROUND(AC12+AF12+AG12-AH12,2)=ROUND(AI12,2),"OK","Check") -> OK | BB12: =COUNTIF('Trip Changes'!B:B,A12) -> 0 | BC12: =IF(OR(AND(AD12="Yes",COUNTIF('Trip Changes'!B:B,A12)>0),AND(AD12="No",COUNTIF('Trip Changes'!B:B,A12)=0)),"OK","Check") -> OK | BD12: =IF(OR(AD12="Yes",AD12="No"),"OK","Check") -> OK | BE12: =IF(OR(AE12="Yes",AE12="No"),"OK","Check") -> OK | BF12: =IF(OR(AP12="Yes",AP12="No"),"OK","Check") -> OK | BG12: =IF(OR(AV12="Yes",AV12="No"),"OK","Check") -> OK | BH12: =IF(AND(ISNUMBER(AR12),AR12>=1,AR12<=5),"OK","Check") -> OK | BI12: =IF(OR(N12="Air",N12="Rail"),"OK","Check") -> OK | BJ12: =IF(OR(M12="Domestic",M12="International"),"OK","Check") -> OK | BK12: =IF(OR(S12="Online Booking Tool",S12="TMC Assisted",S12="Direct Supplier",S12="Other"),"OK","Check") -> OK
A13: T00012 | B13: E0004 | C13: Birmingham | D13: Corporate Functions | E13: Manager | F13: Team building | G13: 46186 | H13: 46200 | I13: 46204 | J13: 2026-06 | K13: Birmingham | L13: Chicago | M13: International | N13: Air | O13: Premium Economy | P13: 10018 | Q13: 14 | R13: =IF(Q13<=3,"0-3 days",IF(Q13<=7,"4-7 days",IF(Q13<=14,"8-14 days",IF(Q13<=30,"15-30 days","31+ days")))) -> 8-14 days | S13: Online Booking Tool | T13: A01 | U13: H04 | V13: =IF(U13="","",IFERROR(VLOOKUP(U13,Hotels!A:B,2,FALSE),"Not Found")) -> Accor | W13: 696.01 | X13: 0 | Y13: 3 | Z13: =IF(Y13>0,AA13/Y13,0) -> 173.72 | AA13: 521.16 | AB13: 112.08 | AC13: 1329.25 | AD13: No | AE13: No | AF13: =SUMIF('Trip Changes'!$B:$B,A13,'Trip Changes'!$E:$E) -> 0 | AG13: =SUMIF('Trip Cancellations'!$B:$B,A13,'Trip Cancellations'!$E:$E) -> 0 | AH13: =SUMIF('Trip Cancellations'!$B:$B,A13,'Trip Cancellations'!$F:$F) -> 0 | AI13: =AC13+AF13+AG13-AH13 -> 1329.25 | AJ13: =IF(Y13=0,"N/A", IF(OR(L13="London",L13="Manchester",L13="Birmingham",L13="Edinburgh",L13="Glasgow", L13="New York",L13="Boston",L13="Chicago",L13="Zurich",L13="Singapore",L13="Hong Kong",L13="Dubai"), IF(Z13<=220,"Yes","No"), IF(Z13<=180,"Yes","No"))) -> Yes | AK13: =IF(Y13=0,"N/A", IF(_xlfn.XLOOKUP(U13,Hotels!A:A,Hotels!C:C)=TRUE,"Yes","No")) -> Yes | AL13: =IF(N13="Rail","N/A",IF(_xlfn.XLOOKUP(T13,Airlines!A:A,Airlines!C:C)=TRUE,"Yes","No")) -> Yes | AM13: =IF(OR( AND(N13="Air",O13="Economy"), AND(N13="Rail",O13="Standard / 2nd Class") ),"Yes","No") -> No | AN13: =IF(OR(S13="Online Booking Tool",S13="TMC Assisted"),"Yes","No") -> Yes | AO13: =IF(AND(OR(AK13="Yes",AK13="N/A"),OR(AL13="Yes",AL13="N/A")),"Yes","No") -> Yes | AP13: Yes | AQ13: =IF(AND(OR(AJ13="Yes",AJ13="N/A"),OR(AK13="Yes",AK13="N/A"),OR(AL13="Yes",AL13="N/A"),AM13="Yes",AN13="Yes"),"Yes","No") -> No | AR13: 3 | AS13: 1502.7 | AT13: =IF(T13="","",_xlfn.XLOOKUP(T13,Airlines!A:A,Airlines!B:B,"Not Found")) -> British Airways | AU13: =IF(U13="","",_xlfn.XLOOKUP(U13,Hotels!A:A,Hotels!B:B,"Not found")) -> Accor | AV13: Yes | AW13: =IF(OR(A13="",B13="",G13="",H13="",I13="",K13="",L13="",M13="",N13="",S13="",AC13="",AI13=""),"Check","OK") -> OK | AX13: =IF(AND(G13<=H13, H13<=I13),"OK","CHECK") -> OK | AY13: =IF(Q13=H13-G13,"OK","Check") -> OK | AZ13: =IF(ROUND(W13+X13+AA13+AB13,2)=ROUND(AC13,2),"OK","Check") -> OK | BA13: =IF(ROUND(AC13+AF13+AG13-AH13,2)=ROUND(AI13,2),"OK","Check") -> OK | BB13: =COUNTIF('Trip Changes'!B:B,A13) -> 0 | BC13: =IF(OR(AND(AD13="Yes",COUNTIF('Trip Changes'!B:B,A13)>0),AND(AD13="No",COUNTIF('Trip Changes'!B:B,A13)=0)),"OK","Check") -> OK | BD13: =IF(OR(AD13="Yes",AD13="No"),"OK","Check") -> OK | BE13: =IF(OR(AE13="Yes",AE13="No"),"OK","Check") -> OK | BF13: =IF(OR(AP13="Yes",AP13="No"),"OK","Check") -> OK | BG13: =IF(OR(AV13="Yes",AV13="No"),"OK","Check") -> OK | BH13: =IF(AND(ISNUMBER(AR13),AR13>=1,AR13<=5),"OK","Check") -> OK | BI13: =IF(OR(N13="Air",N13="Rail"),"OK","Check") -> OK | BJ13: =IF(OR(M13="Domestic",M13="International"),"OK","Check") -> OK | BK13: =IF(OR(S13="Online Booking Tool",S13="TMC Assisted",S13="Direct Supplier",S13="Other"),"OK","Check") -> OK
A14: T00013 | B14: E0004 | C14: Birmingham | D14: Corporate Functions | E14: Manager | F14: Project work | G14: 46167 | H14: 46187 | I14: 46189 | J14: 2026-06 | K14: Birmingham | L14: Dublin | M14: International | N14: Air | O14: Economy | P14: 2196 | Q14: 20 | R14: =IF(Q14<=3,"0-3 days",IF(Q14<=7,"4-7 days",IF(Q14<=14,"8-14 days",IF(Q14<=30,"15-30 days","31+ days")))) -> 15-30 days | S14: Online Booking Tool | T14: A10 | U14: H02 | V14: =IF(U14="","",IFERROR(VLOOKUP(U14,Hotels!A:B,2,FALSE),"Not Found")) -> Hilton | W14: 538.24 | X14: 0 | Y14: 1 | Z14: =IF(Y14>0,AA14/Y14,0) -> 124.82 | AA14: 124.82 | AB14: 114.97 | AC14: 778.03 | AD14: No | AE14: No | AF14: =SUMIF('Trip Changes'!$B:$B,A14,'Trip Changes'!$E:$E) -> 0 | AG14: =SUMIF('Trip Cancellations'!$B:$B,A14,'Trip Cancellations'!$E:$E) -> 0 | AH14: =SUMIF('Trip Cancellations'!$B:$B,A14,'Trip Cancellations'!$F:$F) -> 0 | AI14: =AC14+AF14+AG14-AH14 -> 778.03 | AJ14: =IF(Y14=0,"N/A", IF(OR(L14="London",L14="Manchester",L14="Birmingham",L14="Edinburgh",L14="Glasgow", L14="New York",L14="Boston",L14="Chicago",L14="Zurich",L14="Singapore",L14="Hong Kong",L14="Dubai"), IF(Z14<=220,"Yes","No"), IF(Z14<=180,"Yes","No"))) -> Yes | AK14: =IF(Y14=0,"N/A", IF(_xlfn.XLOOKUP(U14,Hotels!A:A,Hotels!C:C)=TRUE,"Yes","No")) -> Yes | AL14: =IF(N14="Rail","N/A",IF(_xlfn.XLOOKUP(T14,Airlines!A:A,Airlines!C:C)=TRUE,"Yes","No")) -> Yes | AM14: =IF(OR( AND(N14="Air",O14="Economy"), AND(N14="Rail",O14="Standard / 2nd Class") ),"Yes","No") -> Yes | AN14: =IF(OR(S14="Online Booking Tool",S14="TMC Assisted"),"Yes","No") -> Yes | AO14: =IF(AND(OR(AK14="Yes",AK14="N/A"),OR(AL14="Yes",AL14="N/A")),"Yes","No") -> Yes | AP14: Yes | AQ14: =IF(AND(OR(AJ14="Yes",AJ14="N/A"),OR(AK14="Yes",AK14="N/A"),OR(AL14="Yes",AL14="N/A"),AM14="Yes",AN14="Yes"),"Yes","No") -> Yes | AR14: 4 | AS14: 329.4 | AT14: =IF(T14="","",_xlfn.XLOOKUP(T14,Airlines!A:A,Airlines!B:B,"Not Found")) -> Aer Lingus | AU14: =IF(U14="","",_xlfn.XLOOKUP(U14,Hotels!A:A,Hotels!B:B,"Not found")) -> Hilton | AV14: Yes | AW14: =IF(OR(A14="",B14="",G14="",H14="",I14="",K14="",L14="",M14="",N14="",S14="",AC14="",AI14=""),"Check","OK") -> OK | AX14: =IF(AND(G14<=H14, H14<=I14),"OK","CHECK") -> OK | AY14: =IF(Q14=H14-G14,"OK","Check") -> OK | AZ14: =IF(ROUND(W14+X14+AA14+AB14,2)=ROUND(AC14,2),"OK","Check") -> OK | BA14: =IF(ROUND(AC14+AF14+AG14-AH14,2)=ROUND(AI14,2),"OK","Check") -> OK | BB14: =COUNTIF('Trip Changes'!B:B,A14) -> 0 | BC14: =IF(OR(AND(AD14="Yes",COUNTIF('Trip Changes'!B:B,A14)>0),AND(AD14="No",COUNTIF('Trip Changes'!B:B,A14)=0)),"OK","Check") -> OK | BD14: =IF(OR(AD14="Yes",AD14="No"),"OK","Check") -> OK | BE14: =IF(OR(AE14="Yes",AE14="No"),"OK","Check") -> OK | BF14: =IF(OR(AP14="Yes",AP14="No"),"OK","Check") -> OK | BG14: =IF(OR(AV14="Yes",AV14="No"),"OK","Check") -> OK | BH14: =IF(AND(ISNUMBER(AR14),AR14>=1,AR14<=5),"OK","Check") -> OK | BI14: =IF(OR(N14="Air",N14="Rail"),"OK","Check") -> OK | BJ14: =IF(OR(M14="Domestic",M14="International"),"OK","Check") -> OK | BK14: =IF(OR(S14="Online Booking Tool",S14="TMC Assisted",S14="Direct Supplier",S14="Other"),"OK","Check") -> OK
A15: T00014 | B15: E0005 | C15: Glasgow | D15: Risk Advisory | E15: Partner | F15: Internal meeting | G15: 46171 | H15: 46175 | I15: 46178 | J15: 2026-06 | K15: Glasgow | L15: Birmingham | M15: Domestic | N15: Rail | O15: Standard / 2nd Class | P15: 466 | Q15: 4 | R15: =IF(Q15<=3,"0-3 days",IF(Q15<=7,"4-7 days",IF(Q15<=14,"8-14 days",IF(Q15<=30,"15-30 days","31+ days")))) -> 4-7 days | S15: TMC Assisted | U15: H06 | V15: =IF(U15="","",IFERROR(VLOOKUP(U15,Hotels!A:B,2,FALSE),"Not Found")) -> Premier Inn | W15: 0 | X15: 214.9 | Y15: 2 | Z15: =IF(Y15>0,AA15/Y15,0) -> 176.205 | AA15: 352.41 | AB15: 66.37 | AC15: 633.68 | AD15: No | AE15: No | AF15: =SUMIF('Trip Changes'!$B:$B,A15,'Trip Changes'!$E:$E) -> 0 | AG15: =SUMIF('Trip Cancellations'!$B:$B,A15,'Trip Cancellations'!$E:$E) -> 0 | AH15: =SUMIF('Trip Cancellations'!$B:$B,A15,'Trip Cancellations'!$F:$F) -> 0 | AI15: =AC15+AF15+AG15-AH15 -> 633.68 | AJ15: =IF(Y15=0,"N/A", IF(OR(L15="London",L15="Manchester",L15="Birmingham",L15="Edinburgh",L15="Glasgow", L15="New York",L15="Boston",L15="Chicago",L15="Zurich",L15="Singapore",L15="Hong Kong",L15="Dubai"), IF(Z15<=220,"Yes","No"), IF(Z15<=180,"Yes","No"))) -> Yes | AK15: =IF(Y15=0,"N/A", IF(_xlfn.XLOOKUP(U15,Hotels!A:A,Hotels!C:C)=TRUE,"Yes","No")) -> Yes | AL15: =IF(N15="Rail","N/A",IF(_xlfn.XLOOKUP(T15,Airlines!A:A,Airlines!C:C)=TRUE,"Yes","No")) -> N/A | AM15: =IF(OR( AND(N15="Air",O15="Economy"), AND(N15="Rail",O15="Standard / 2nd Class") ),"Yes","No") -> Yes | AN15: =IF(OR(S15="Online Booking Tool",S15="TMC Assisted"),"Yes","No") -> Yes | AO15: =IF(AND(OR(AK15="Yes",AK15="N/A"),OR(AL15="Yes",AL15="N/A")),"Yes","No") -> Yes | AP15: Yes | AQ15: =IF(AND(OR(AJ15="Yes",AJ15="N/A"),OR(AK15="Yes",AK15="N/A"),OR(AL15="Yes",AL15="N/A"),AM15="Yes",AN15="Yes"),"Yes","No") -> Yes | AR15: 4 | AS15: 18.6 | AT15: =IF(T15="","",_xlfn.XLOOKUP(T15,Airlines!A:A,Airlines!B:B,"Not Found")) | AU15: =IF(U15="","",_xlfn.XLOOKUP(U15,Hotels!A:A,Hotels!B:B,"Not found")) -> Premier Inn | AV15: No | AW15: =IF(OR(A15="",B15="",G15="",H15="",I15="",K15="",L15="",M15="",N15="",S15="",AC15="",AI15=""),"Check","OK") -> OK | AX15: =IF(AND(G15<=H15, H15<=I15),"OK","CHECK") -> OK | AY15: =IF(Q15=H15-G15,"OK","Check") -> OK | AZ15: =IF(ROUND(W15+X15+AA15+AB15,2)=ROUND(AC15,2),"OK","Check") -> OK | BA15: =IF(ROUND(AC15+AF15+AG15-AH15,2)=ROUND(AI15,2),"OK","Check") -> OK | BB15: =COUNTIF('Trip Changes'!B:B,A15) -> 0 | BC15: =IF(OR(AND(AD15="Yes",COUNTIF('Trip Changes'!B:B,A15)>0),AND(AD15="No",COUNTIF('Trip Changes'!B:B,A15)=0)),"OK","Check") -> OK | BD15: =IF(OR(AD15="Yes",AD15="No"),"OK","Check") -> OK | BE15: =IF(OR(AE15="Yes",AE15="No"),"OK","Check") -> OK | BF15: =IF(OR(AP15="Yes",AP15="No"),"OK","Check") -> OK | BG15: =IF(OR(AV15="Yes",AV15="No"),"OK","Check") -> OK | BH15: =IF(AND(ISNUMBER(AR15),AR15>=1,AR15<=5),"OK","Check") -> OK | BI15: =IF(OR(N15="Air",N15="Rail"),"OK","Check") -> OK | BJ15: =IF(OR(M15="Domestic",M15="International"),"OK","Check") -> OK | BK15: =IF(OR(S15="Online Booking Tool",S15="TMC Assisted",S15="Direct Supplier",S15="Other"),"OK","Check") -> OK
A16: T00015 | B16: E0005 | C16: Glasgow | D16: Risk Advisory | E16: Partner | F16: Training | G16: 46129 | H16: 46148 | I16: 46150 | J16: 2026-05 | K16: Glasgow | L16: Frankfurt | M16: International | N16: Air | O16: Economy | P16: 3248 | Q16: 19 | R16: =IF(Q16<=3,"0-3 days",IF(Q16<=7,"4-7 days",IF(Q16<=14,"8-14 days",IF(Q16<=30,"15-30 days","31+ days")))) -> 15-30 days | S16: Other | T16: A04 | U16: H04 | V16: =IF(U16="","",IFERROR(VLOOKUP(U16,Hotels!A:B,2,FALSE),"Not Found")) -> Accor | W16: 495.08 | X16: 0 | Y16: 1 | Z16: =IF(Y16>0,AA16/Y16,0) -> 170.56 | AA16: 170.56 | AB16: 81.71 | AC16: 747.35 | AD16: No | AE16: Yes | AF16: =SUMIF('Trip Changes'!$B:$B,A16,'Trip Changes'!$E:$E) -> 0 | AG16: =SUMIF('Trip Cancellations'!$B:$B,A16,'Trip Cancellations'!$E:$E) -> 56.37 | AH16: =SUMIF('Trip Cancellations'!$B:$B,A16,'Trip Cancellations'!$F:$F) -> 166.41 | AI16: =AC16+AF16+AG16-AH16 -> 637.31 | AJ16: =IF(Y16=0,"N/A", IF(OR(L16="London",L16="Manchester",L16="Birmingham",L16="Edinburgh",L16="Glasgow", L16="New York",L16="Boston",L16="Chicago",L16="Zurich",L16="Singapore",L16="Hong Kong",L16="Dubai"), IF(Z16<=220,"Yes","No"), IF(Z16<=180,"Yes","No"))) -> Yes | AK16: =IF(Y16=0,"N/A", IF(_xlfn.XLOOKUP(U16,Hotels!A:A,Hotels!C:C)=TRUE,"Yes","No")) -> Yes | AL16: =IF(N16="Rail","N/A",IF(_xlfn.XLOOKUP(T16,Airlines!A:A,Airlines!C:C)=TRUE,"Yes","No")) -> Yes | AM16: =IF(OR( AND(N16="Air",O16="Economy"), AND(N16="Rail",O16="Standard / 2nd Class") ),"Yes","No") -> Yes | AN16: =IF(OR(S16="Online Booking Tool",S16="TMC Assisted"),"Yes","No") -> No | AO16: =IF(AND(OR(AK16="Yes",AK16="N/A"),OR(AL16="Yes",AL16="N/A")),"Yes","No") -> Yes | AP16: Yes | AQ16: =IF(AND(OR(AJ16="Yes",AJ16="N/A"),OR(AK16="Yes",AK16="N/A"),OR(AL16="Yes",AL16="N/A"),AM16="Yes",AN16="Yes"),"Yes","No") -> No | AR16: 3 | AS16: 487.2 | AT16: =IF(T16="","",_xlfn.XLOOKUP(T16,Airlines!A:A,Airlines!B:B,"Not Found")) -> Lufthansa | AU16: =IF(U16="","",_xlfn.XLOOKUP(U16,Hotels!A:A,Hotels!B:B,"Not found")) -> Accor | AV16: No | AW16: =IF(OR(A16="",B16="",G16="",H16="",I16="",K16="",L16="",M16="",N16="",S16="",AC16="",AI16=""),"Check","OK") -> OK | AX16: =IF(AND(G16<=H16, H16<=I16),"OK","CHECK") -> OK | AY16: =IF(Q16=H16-G16,"OK","Check") -> OK | AZ16: =IF(ROUND(W16+X16+AA16+AB16,2)=ROUND(AC16,2),"OK","Check") -> OK | BA16: =IF(ROUND(AC16+AF16+AG16-AH16,2)=ROUND(AI16,2),"OK","Check") -> OK | BB16: =COUNTIF('Trip Changes'!B:B,A16) -> 0 | BC16: =IF(OR(AND(AD16="Yes",COUNTIF('Trip Changes'!B:B,A16)>0),AND(AD16="No",COUNTIF('Trip Changes'!B:B,A16)=0)),"OK","Check") -> OK | BD16: =IF(OR(AD16="Yes",AD16="No"),"OK","Check") -> OK | BE16: =IF(OR(AE16="Yes",AE16="No"),"OK","Check") -> OK | BF16: =IF(OR(AP16="Yes",AP16="No"),"OK","Check") -> OK | BG16: =IF(OR(AV16="Yes",AV16="No"),"OK","Check") -> OK | BH16: =IF(AND(ISNUMBER(AR16),AR16>=1,AR16<=5),"OK","Check") -> OK | BI16: =IF(OR(N16="Air",N16="Rail"),"OK","Check") -> OK | BJ16: =IF(OR(M16="Domestic",M16="International"),"OK","Check") -> OK | BK16: =IF(OR(S16="Online Booking Tool",S16="TMC Assisted",S16="Direct Supplier",S16="Other"),"OK","Check") -> OK
A17: T00016 | B17: E0005 | C17: Glasgow | D17: Risk Advisory | E17: Partner | F17: Training | G17: 46133 | H17: 46143 | I17: 46146 | J17: 2026-05 | K17: Glasgow | L17: Munich | M17: International | N17: Air | O17: Economy | P17: 1008 | Q17: 10 | R17: =IF(Q17<=3,"0-3 days",IF(Q17<=7,"4-7 days",IF(Q17<=14,"8-14 days",IF(Q17<=30,"15-30 days","31+ days")))) -> 8-14 days | S17: Online Booking Tool | T17: A01 | U17: H05 | V17: =IF(U17="","",IFERROR(VLOOKUP(U17,Hotels!A:B,2,FALSE),"Not Found")) -> Radisson Hotel Group | W17: 564.55 | X17: 0 | Y17: 2 | Z17: =IF(Y17>0,AA17/Y17,0) -> 157.325 | AA17: 314.65 | AB17: 58.08 | AC17: 937.28 | AD17: Yes | AE17: No | AF17: =SUMIF('Trip Changes'!$B:$B,A17,'Trip Changes'!$E:$E) -> 323.4 | AG17: =SUMIF('Trip Cancellations'!$B:$B,A17,'Trip Cancellations'!$E:$E) -> 0 | AH17: =SUMIF('Trip Cancellations'!$B:$B,A17,'Trip Cancellations'!$F:$F) -> 0 | AI17: =AC17+AF17+AG17-AH17 -> 1260.68 | AJ17: =IF(Y17=0,"N/A", IF(OR(L17="London",L17="Manchester",L17="Birmingham",L17="Edinburgh",L17="Glasgow", L17="New York",L17="Boston",L17="Chicago",L17="Zurich",L17="Singapore",L17="Hong Kong",L17="Dubai"), IF(Z17<=220,"Yes","No"), IF(Z17<=180,"Yes","No"))) -> Yes | AK17: =IF(Y17=0,"N/A", IF(_xlfn.XLOOKUP(U17,Hotels!A:A,Hotels!C:C)=TRUE,"Yes","No")) -> No | AL17: =IF(N17="Rail","N/A",IF(_xlfn.XLOOKUP(T17,Airlines!A:A,Airlines!C:C)=TRUE,"Yes","No")) -> Yes | AM17: =IF(OR( AND(N17="Air",O17="Economy"), AND(N17="Rail",O17="Standard / 2nd Class") ),"Yes","No") -> Yes | AN17: =IF(OR(S17="Online Booking Tool",S17="TMC Assisted"),"Yes","No") -> Yes | AO17: =IF(AND(OR(AK17="Yes",AK17="N/A"),OR(AL17="Yes",AL17="N/A")),"Yes","No") -> No | AP17: Yes | AQ17: =IF(AND(OR(AJ17="Yes",AJ17="N/A"),OR(AK17="Yes",AK17="N/A"),OR(AL17="Yes",AL17="N/A"),AM17="Yes",AN17="Yes"),"Yes","No") -> No | AR17: 4 | AS17: 151.2 | AT17: =IF(T17="","",_xlfn.XLOOKUP(T17,Airlines!A:A,Airlines!B:B,"Not Found")) -> British Airways | AU17: =IF(U17="","",_xlfn.XLOOKUP(U17,Hotels!A:A,Hotels!B:B,"Not found")) -> Radisson Hotel Group | AV17: Yes | AW17: =IF(OR(A17="",B17="",G17="",H17="",I17="",K17="",L17="",M17="",N17="",S17="",AC17="",AI17=""),"Check","OK") -> OK | AX17: =IF(AND(G17<=H17, H17<=I17),"OK","CHECK") -> OK | AY17: =IF(Q17=H17-G17,"OK","Check") -> OK | AZ17: =IF(ROUND(W17+X17+AA17+AB17,2)=ROUND(AC17,2),"OK","Check") -> OK | BA17: =IF(ROUND(AC17+AF17+AG17-AH17,2)=ROUND(AI17,2),"OK","Check") -> OK | BB17: =COUNTIF('Trip Changes'!B:B,A17) -> 2 | BC17: =IF(OR(AND(AD17="Yes",COUNTIF('Trip Changes'!B:B,A17)>0),AND(AD17="No",COUNTIF('Trip Changes'!B:B,A17)=0)),"OK","Check") -> OK | BD17: =IF(OR(AD17="Yes",AD17="No"),"OK","Check") -> OK | BE17: =IF(OR(AE17="Yes",AE17="No"),"OK","Check") -> OK | BF17: =IF(OR(AP17="Yes",AP17="No"),"OK","Check") -> OK | BG17: =IF(OR(AV17="Yes",AV17="No"),"OK","Check") -> OK | BH17: =IF(AND(ISNUMBER(AR17),AR17>=1,AR17<=5),"OK","Check") -> OK | BI17: =IF(OR(N17="Air",N17="Rail"),"OK","Check") -> OK | BJ17: =IF(OR(M17="Domestic",M17="International"),"OK","Check") -> OK | BK17: =IF(OR(S17="Online Booking Tool",S17="TMC Assisted",S17="Direct Supplier",S17="Other"),"OK","Check") -> OK
A18: T00017 | B18: E0005 | C18: Glasgow | D18: Risk Advisory | E18: Partner | F18: Client meeting | G18: 46219 | H18: 46234 | I18: 46236 | J18: 2026-07 | K18: Glasgow | L18: Berlin | M18: International | N18: Air | O18: Economy | P18: 1742 | Q18: 15 | R18: =IF(Q18<=3,"0-3 days",IF(Q18<=7,"4-7 days",IF(Q18<=14,"8-14 days",IF(Q18<=30,"15-30 days","31+ days")))) -> 15-30 days | S18: Online Booking Tool | T18: A04 | U18: H04 | V18: =IF(U18="","",IFERROR(VLOOKUP(U18,Hotels!A:B,2,FALSE),"Not Found")) -> Accor | W18: 428.63 | X18: 0 | Y18: 1 | Z18: =IF(Y18>0,AA18/Y18,0) -> 221.58 | AA18: 221.58 | AB18: 108.19 | AC18: 758.4 | AD18: No | AE18: No | AF18: =SUMIF('Trip Changes'!$B:$B,A18,'Trip Changes'!$E:$E) -> 0 | AG18: =SUMIF('Trip Cancellations'!$B:$B,A18,'Trip Cancellations'!$E:$E) -> 0 | AH18: =SUMIF('Trip Cancellations'!$B:$B,A18,'Trip Cancellations'!$F:$F) -> 0 | AI18: =AC18+AF18+AG18-AH18 -> 758.4 | AJ18: =IF(Y18=0,"N/A", IF(OR(L18="London",L18="Manchester",L18="Birmingham",L18="Edinburgh",L18="Glasgow", L18="New York",L18="Boston",L18="Chicago",L18="Zurich",L18="Singapore",L18="Hong Kong",L18="Dubai"), IF(Z18<=220,"Yes","No"), IF(Z18<=180,"Yes","No"))) -> No | AK18: =IF(Y18=0,"N/A", IF(_xlfn.XLOOKUP(U18,Hotels!A:A,Hotels!C:C)=TRUE,"Yes","No")) -> Yes | AL18: =IF(N18="Rail","N/A",IF(_xlfn.XLOOKUP(T18,Airlines!A:A,Airlines!C:C)=TRUE,"Yes","No")) -> Yes | AM18: =IF(OR( AND(N18="Air",O18="Economy"), AND(N18="Rail",O18="Standard / 2nd Class") ),"Yes","No") -> Yes | AN18: =IF(OR(S18="Online Booking Tool",S18="TMC Assisted"),"Yes","No") -> Yes | AO18: =IF(AND(OR(AK18="Yes",AK18="N/A"),OR(AL18="Yes",AL18="N/A")),"Yes","No") -> Yes | AP18: Yes | AQ18: =IF(AND(OR(AJ18="Yes",AJ18="N/A"),OR(AK18="Yes",AK18="N/A"),OR(AL18="Yes",AL18="N/A"),AM18="Yes",AN18="Yes"),"Yes","No") -> No | AR18: 5 | AS18: 261.3 | AT18: =IF(T18="","",_xlfn.XLOOKUP(T18,Airlines!A:A,Airlines!B:B,"Not Found")) -> Lufthansa | AU18: =IF(U18="","",_xlfn.XLOOKUP(U18,Hotels!A:A,Hotels!B:B,"Not found")) -> Accor | AV18: No | AW18: =IF(OR(A18="",B18="",G18="",H18="",I18="",K18="",L18="",M18="",N18="",S18="",AC18="",AI18=""),"Check","OK") -> OK | AX18: =IF(AND(G18<=H18, H18<=I18),"OK","CHECK") -> OK | AY18: =IF(Q18=H18-G18,"OK","Check") -> OK | AZ18: =IF(ROUND(W18+X18+AA18+AB18,2)=ROUND(AC18,2),"OK","Check") -> OK | BA18: =IF(ROUND(AC18+AF18+AG18-AH18,2)=ROUND(AI18,2),"OK","Check") -> OK | BB18: =COUNTIF('Trip Changes'!B:B,A18) -> 0 | BC18: =IF(OR(AND(AD18="Yes",COUNTIF('Trip Changes'!B:B,A18)>0),AND(AD18="No",COUNTIF('Trip Changes'!B:B,A18)=0)),"OK","Check") -> OK | BD18: =IF(OR(AD18="Yes",AD18="No"),"OK","Check") -> OK | BE18: =IF(OR(AE18="Yes",AE18="No"),"OK","Check") -> OK | BF18: =IF(OR(AP18="Yes",AP18="No"),"OK","Check") -> OK | BG18: =IF(OR(AV18="Yes",AV18="No"),"OK","Check") -> OK | BH18: =IF(AND(ISNUMBER(AR18),AR18>=1,AR18<=5),"OK","Check") -> OK | BI18: =IF(OR(N18="Air",N18="Rail"),"OK","Check") -> OK | BJ18: =IF(OR(M18="Domestic",M18="International"),"OK","Check") -> OK | BK18: =IF(OR(S18="Online Booking Tool",S18="TMC Assisted",S18="Direct Supplier",S18="Other"),"OK","Check") -> OK
A19: T00018 | B19: E0005 | C19: Glasgow | D19: Risk Advisory | E19: Partner | F19: Project work | G19: 46167 | H19: 46201 | I19: 46203 | J19: 2026-06 | K19: Glasgow | L19: London | M19: Domestic | N19: Rail | O19: Standard / 2nd Class | P19: 926 | Q19: 34 | R19: =IF(Q19<=3,"0-3 days",IF(Q19<=7,"4-7 days",IF(Q19<=14,"8-14 days",IF(Q19<=30,"15-30 days","31+ days")))) -> 31+ days | S19: TMC Assisted | U19: H06 | V19: =IF(U19="","",IFERROR(VLOOKUP(U19,Hotels!A:B,2,FALSE),"Not Found")) -> Premier Inn | W19: 0 | X19: 183.42 | Y19: 1 | Z19: =IF(Y19>0,AA19/Y19,0) -> 173.9 | AA19: 173.9 | AB19: 23.93 | AC19: 381.25 | AD19: No | AE19: No | AF19: =SUMIF('Trip Changes'!$B:$B,A19,'Trip Changes'!$E:$E) -> 0 | AG19: =SUMIF('Trip Cancellations'!$B:$B,A19,'Trip Cancellations'!$E:$E) -> 0 | AH19: =SUMIF('Trip Cancellations'!$B:$B,A19,'Trip Cancellations'!$F:$F) -> 0 | AI19: =AC19+AF19+AG19-AH19 -> 381.25 | AJ19: =IF(Y19=0,"N/A", IF(OR(L19="London",L19="Manchester",L19="Birmingham",L19="Edinburgh",L19="Glasgow", L19="New York",L19="Boston",L19="Chicago",L19="Zurich",L19="Singapore",L19="Hong Kong",L19="Dubai"), IF(Z19<=220,"Yes","No"), IF(Z19<=180,"Yes","No"))) -> Yes | AK19: =IF(Y19=0,"N/A", IF(_xlfn.XLOOKUP(U19,Hotels!A:A,Hotels!C:C)=TRUE,"Yes","No")) -> Yes | AL19: =IF(N19="Rail","N/A",IF(_xlfn.XLOOKUP(T19,Airlines!A:A,Airlines!C:C)=TRUE,"Yes","No")) -> N/A | AM19: =IF(OR( AND(N19="Air",O19="Economy"), AND(N19="Rail",O19="Standard / 2nd Class") ),"Yes","No") -> Yes | AN19: =IF(OR(S19="Online Booking Tool",S19="TMC Assisted"),"Yes","No") -> Yes | AO19: =IF(AND(OR(AK19="Yes",AK19="N/A"),OR(AL19="Yes",AL19="N/A")),"Yes","No") -> Yes | AP19: Yes | AQ19: =IF(AND(OR(AJ19="Yes",AJ19="N/A"),OR(AK19="Yes",AK19="N/A"),OR(AL19="Yes",AL19="N/A"),AM19="Yes",AN19="Yes"),"Yes","No") -> Yes | AR19: 4 | AS19: 37 | AT19: =IF(T19="","",_xlfn.XLOOKUP(T19,Airlines!A:A,Airlines!B:B,"Not Found")) | AU19: =IF(U19="","",_xlfn.XLOOKUP(U19,Hotels!A:A,Hotels!B:B,"Not found")) -> Premier Inn | AV19: Yes | AW19: =IF(OR(A19="",B19="",G19="",H19="",I19="",K19="",L19="",M19="",N19="",S19="",AC19="",AI19=""),"Check","OK") -> OK | AX19: =IF(AND(G19<=H19, H19<=I19),"OK","CHECK") -> OK | AY19: =IF(Q19=H19-G19,"OK","Check") -> OK | AZ19: =IF(ROUND(W19+X19+AA19+AB19,2)=ROUND(AC19,2),"OK","Check") -> OK | BA19: =IF(ROUND(AC19+AF19+AG19-AH19,2)=ROUND(AI19,2),"OK","Check") -> OK | BB19: =COUNTIF('Trip Changes'!B:B,A19) -> 0 | BC19: =IF(OR(AND(AD19="Yes",COUNTIF('Trip Changes'!B:B,A19)>0),AND(AD19="No",COUNTIF('Trip Changes'!B:B,A19)=0)),"OK","Check") -> OK | BD19: =IF(OR(AD19="Yes",AD19="No"),"OK","Check") -> OK | BE19: =IF(OR(AE19="Yes",AE19="No"),"OK","Check") -> OK | BF19: =IF(OR(AP19="Yes",AP19="No"),"OK","Check") -> OK | BG19: =IF(OR(AV19="Yes",AV19="No"),"OK","Check") -> OK | BH19: =IF(AND(ISNUMBER(AR19),AR19>=1,AR19<=5),"OK","Check") -> OK | BI19: =IF(OR(N19="Air",N19="Rail"),"OK","Check") -> OK | BJ19: =IF(OR(M19="Domestic",M19="International"),"OK","Check") -> OK | BK19: =IF(OR(S19="Online Booking Tool",S19="TMC Assisted",S19="Direct Supplier",S19="Other"),"OK","Check") -> OK
A20: T00019 | B20: E0006 | C20: London | D20: Technology | E20: Manager | F20: Client meeting | G20: 46163 | H20: 46178 | I20: 46180 | J20: 2026-06 | K20: London | L20: Zurich | M20: International | N20: Air | O20: Premium Economy | P20: 3392 | Q20: 15 | R20: =IF(Q20<=3,"0-3 days",IF(Q20<=7,"4-7 days",IF(Q20<=14,"8-14 days",IF(Q20<=30,"15-30 days","31+ days")))) -> 15-30 days | S20: Online Booking Tool | T20: A04 | U20: H02 | V20: =IF(U20="","",IFERROR(VLOOKUP(U20,Hotels!A:B,2,FALSE),"Not Found")) -> Hilton | W20: 404.59 | X20: 0 | Y20: 1 | Z20: =IF(Y20>0,AA20/Y20,0) -> 104.98 | AA20: 104.98 | AB20: 120.09 | AC20: 629.66 | AD20: No | AE20: No | AF20: =SUMIF('Trip Changes'!$B:$B,A20,'Trip Changes'!$E:$E) -> 0 | AG20: =SUMIF('Trip Cancellations'!$B:$B,A20,'Trip Cancellations'!$E:$E) -> 0 | AH20: =SUMIF('Trip Cancellations'!$B:$B,A20,'Trip Cancellations'!$F:$F) -> 0 | AI20: =AC20+AF20+AG20-AH20 -> 629.66 | AJ20: =IF(Y20=0,"N/A", IF(OR(L20="London",L20="Manchester",L20="Birmingham",L20="Edinburgh",L20="Glasgow", L20="New York",L20="Boston",L20="Chicago",L20="Zurich",L20="Singapore",L20="Hong Kong",L20="Dubai"), IF(Z20<=220,"Yes","No"), IF(Z20<=180,"Yes","No"))) -> Yes | AK20: =IF(Y20=0,"N/A", IF(_xlfn.XLOOKUP(U20,Hotels!A:A,Hotels!C:C)=TRUE,"Yes","No")) -> Yes | AL20: =IF(N20="Rail","N/A",IF(_xlfn.XLOOKUP(T20,Airlines!A:A,Airlines!C:C)=TRUE,"Yes","No")) -> Yes | AM20: =IF(OR( AND(N20="Air",O20="Economy"), AND(N20="Rail",O20="Standard / 2nd Class") ),"Yes","No") -> No | AN20: =IF(OR(S20="Online Booking Tool",S20="TMC Assisted"),"Yes","No") -> Yes | AO20: =IF(AND(OR(AK20="Yes",AK20="N/A"),OR(AL20="Yes",AL20="N/A")),"Yes","No") -> Yes | AP20: Yes | AQ20: =IF(AND(OR(AJ20="Yes",AJ20="N/A"),OR(AK20="Yes",AK20="N/A"),OR(AL20="Yes",AL20="N/A"),AM20="Yes",AN20="Yes"),"Yes","No") -> No | AR20: 4 | AS20: 508.8 | AT20: =IF(T20="","",_xlfn.XLOOKUP(T20,Airlines!A:A,Airlines!B:B,"Not Found")) -> Lufthansa | AU20: =IF(U20="","",_xlfn.XLOOKUP(U20,Hotels!A:A,Hotels!B:B,"Not found")) -> Hilton | AV20: No | AW20: =IF(OR(A20="",B20="",G20="",H20="",I20="",K20="",L20="",M20="",N20="",S20="",AC20="",AI20=""),"Check","OK") -> OK | AX20: =IF(AND(G20<=H20, H20<=I20),"OK","CHECK") -> OK | AY20: =IF(Q20=H20-G20,"OK","Check") -> OK | AZ20: =IF(ROUND(W20+X20+AA20+AB20,2)=ROUND(AC20,2),"OK","Check") -> OK | BA20: =IF(ROUND(AC20+AF20+AG20-AH20,2)=ROUND(AI20,2),"OK","Check") -> OK | BB20: =COUNTIF('Trip Changes'!B:B,A20) -> 0 | BC20: =IF(OR(AND(AD20="Yes",COUNTIF('Trip Changes'!B:B,A20)>0),AND(AD20="No",COUNTIF('Trip Changes'!B:B,A20)=0)),"OK","Check") -> OK | BD20: =IF(OR(AD20="Yes",AD20="No"),"OK","Check") -> OK | BE20: =IF(OR(AE20="Yes",AE20="No"),"OK","Check") -> OK | BF20: =IF(OR(AP20="Yes",AP20="No"),"OK","Check") -> OK | BG20: =IF(OR(AV20="Yes",AV20="No"),"OK","Check") -> OK | BH20: =IF(AND(ISNUMBER(AR20),AR20>=1,AR20<=5),"OK","Check") -> OK | BI20: =IF(OR(N20="Air",N20="Rail"),"OK","Check") -> OK | BJ20: =IF(OR(M20="Domestic",M20="International"),"OK","Check") -> OK | BK20: =IF(OR(S20="Online Booking Tool",S20="TMC Assisted",S20="Direct Supplier",S20="Other"),"OK","Check") -> OK
A21: T00020 | B21: E0006 | C21: London | D21: Technology | E21: Manager | F21: Recruitment / Interview | G21: 46163 | H21: 46175 | I21: 46179 | J21: 2026-06 | K21: London | L21: Copenhagen | M21: International | N21: Air | O21: Economy | P21: 3324 | Q21: 12 | R21: =IF(Q21<=3,"0-3 days",IF(Q21<=7,"4-7 days",IF(Q21<=14,"8-14 days",IF(Q21<=30,"15-30 days","31+ days")))) -> 8-14 days | S21: Direct Supplier | T21: A05 | U21: H05 | V21: =IF(U21="","",IFERROR(VLOOKUP(U21,Hotels!A:B,2,FALSE),"Not Found")) -> Radisson Hotel Group | W21: 425.02 | X21: 0 | Y21: 3 | Z21: =IF(Y21>0,AA21/Y21,0) -> 175.6 | AA21: 526.8 | AB21: 74.85 | AC21: 1026.67 | AD21: No | AE21: No | AF21: =SUMIF('Trip Changes'!$B:$B,A21,'Trip Changes'!$E:$E) -> 0 | AG21: =SUMIF('Trip Cancellations'!$B:$B,A21,'Trip Cancellations'!$E:$E) -> 0 | AH21: =SUMIF('Trip Cancellations'!$B:$B,A21,'Trip Cancellations'!$F:$F) -> 0 | AI21: =AC21+AF21+AG21-AH21 -> 1026.67 | AJ21: =IF(Y21=0,"N/A", IF(OR(L21="London",L21="Manchester",L21="Birmingham",L21="Edinburgh",L21="Glasgow", L21="New York",L21="Boston",L21="Chicago",L21="Zurich",L21="Singapore",L21="Hong Kong",L21="Dubai"), IF(Z21<=220,"Yes","No"), IF(Z21<=180,"Yes","No"))) -> Yes | AK21: =IF(Y21=0,"N/A", IF(_xlfn.XLOOKUP(U21,Hotels!A:A,Hotels!C:C)=TRUE,"Yes","No")) -> No | AL21: =IF(N21="Rail","N/A",IF(_xlfn.XLOOKUP(T21,Airlines!A:A,Airlines!C:C)=TRUE,"Yes","No")) -> Yes | AM21: =IF(OR( AND(N21="Air",O21="Economy"), AND(N21="Rail",O21="Standard / 2nd Class") ),"Yes","No") -> Yes | AN21: =IF(OR(S21="Online Booking Tool",S21="TMC Assisted"),"Yes","No") -> No | AO21: =IF(AND(OR(AK21="Yes",AK21="N/A"),OR(AL21="Yes",AL21="N/A")),"Yes","No") -> No | AP21: Yes | AQ21: =IF(AND(OR(AJ21="Yes",AJ21="N/A"),OR(AK21="Yes",AK21="N/A"),OR(AL21="Yes",AL21="N/A"),AM21="Yes",AN21="Yes"),"Yes","No") -> No | AR21: 4 | AS21: 498.6 | AT21: =IF(T21="","",_xlfn.XLOOKUP(T21,Airlines!A:A,Airlines!B:B,"Not Found")) -> Air France | AU21: =IF(U21="","",_xlfn.XLOOKUP(U21,Hotels!A:A,Hotels!B:B,"Not found")) -> Radisson Hotel Group | AV21: No | AW21: =IF(OR(A21="",B21="",G21="",H21="",I21="",K21="",L21="",M21="",N21="",S21="",AC21="",AI21=""),"Check","OK") -> OK | AX21: =IF(AND(G21<=H21, H21<=I21),"OK","CHECK") -> OK | AY21: =IF(Q21=H21-G21,"OK","Check") -> OK | AZ21: =IF(ROUND(W21+X21+AA21+AB21,2)=ROUND(AC21,2),"OK","Check") -> OK | BA21: =IF(ROUND(AC21+AF21+AG21-AH21,2)=ROUND(AI21,2),"OK","Check") -> OK | BB21: =COUNTIF('Trip Changes'!B:B,A21) -> 0 | BC21: =IF(OR(AND(AD21="Yes",COUNTIF('Trip Changes'!B:B,A21)>0),AND(AD21="No",COUNTIF('Trip Changes'!B:B,A21)=0)),"OK","Check") -> OK | BD21: =IF(OR(AD21="Yes",AD21="No"),"OK","Check") -> OK | BE21: =IF(OR(AE21="Yes",AE21="No"),"OK","Check") -> OK | BF21: =IF(OR(AP21="Yes",AP21="No"),"OK","Check") -> OK | BG21: =IF(OR(AV21="Yes",AV21="No"),"OK","Check") -> OK | BH21: =IF(AND(ISNUMBER(AR21),AR21>=1,AR21<=5),"OK","Check") -> OK | BI21: =IF(OR(N21="Air",N21="Rail"),"OK","Check") -> OK | BJ21: =IF(OR(M21="Domestic",M21="International"),"OK","Check") -> OK | BK21: =IF(OR(S21="Online Booking Tool",S21="TMC Assisted",S21="Direct Supplier",S21="Other"),"OK","Check") -> OK
A22: T00021 | B22: E0006 | C22: London | D22: Technology | E22: Manager | F22: Client meeting | G22: 46166 | H22: 46191 | I22: 46195 | J22: 2026-06 | K22: London | L22: Zurich | M22: International | N22: Air | O22: Economy | P22: 1578 | Q22: 25 | R22: =IF(Q22<=3,"0-3 days",IF(Q22<=7,"4-7 days",IF(Q22<=14,"8-14 days",IF(Q22<=30,"15-30 days","31+ days")))) -> 15-30 days | S22: TMC Assisted | T22: A01 | U22: H03 | V22: =IF(U22="","",IFERROR(VLOOKUP(U22,Hotels!A:B,2,FALSE),"Not Found")) -> IHG Hotels & Resorts | W22: 262.28 | X22: 0 | Y22: 3 | Z22: =IF(Y22>0,AA22/Y22,0) -> 146.78 | AA22: 440.34 | AB22: 97.7 | AC22: 800.32 | AD22: No | AE22: No | AF22: =SUMIF('Trip Changes'!$B:$B,A22,'Trip Changes'!$E:$E) -> 0 | AG22: =SUMIF('Trip Cancellations'!$B:$B,A22,'Trip Cancellations'!$E:$E) -> 0 | AH22: =SUMIF('Trip Cancellations'!$B:$B,A22,'Trip Cancellations'!$F:$F) -> 0 | AI22: =AC22+AF22+AG22-AH22 -> 800.32 | AJ22: =IF(Y22=0,"N/A", IF(OR(L22="London",L22="Manchester",L22="Birmingham",L22="Edinburgh",L22="Glasgow", L22="New York",L22="Boston",L22="Chicago",L22="Zurich",L22="Singapore",L22="Hong Kong",L22="Dubai"), IF(Z22<=220,"Yes","No"), IF(Z22<=180,"Yes","No"))) -> Yes | AK22: =IF(Y22=0,"N/A", IF(_xlfn.XLOOKUP(U22,Hotels!A:A,Hotels!C:C)=TRUE,"Yes","No")) -> Yes | AL22: =IF(N22="Rail","N/A",IF(_xlfn.XLOOKUP(T22,Airlines!A:A,Airlines!C:C)=TRUE,"Yes","No")) -> Yes | AM22: =IF(OR( AND(N22="Air",O22="Economy"), AND(N22="Rail",O22="Standard / 2nd Class") ),"Yes","No") -> Yes | AN22: =IF(OR(S22="Online Booking Tool",S22="TMC Assisted"),"Yes","No") -> Yes | AO22: =IF(AND(OR(AK22="Yes",AK22="N/A"),OR(AL22="Yes",AL22="N/A")),"Yes","No") -> Yes | AP22: Yes | AQ22: =IF(AND(OR(AJ22="Yes",AJ22="N/A"),OR(AK22="Yes",AK22="N/A"),OR(AL22="Yes",AL22="N/A"),AM22="Yes",AN22="Yes"),"Yes","No") -> Yes | AR22: 5 | AS22: 236.7 | AT22: =IF(T22="","",_xlfn.XLOOKUP(T22,Airlines!A:A,Airlines!B:B,"Not Found")) -> British Airways | AU22: =IF(U22="","",_xlfn.XLOOKUP(U22,Hotels!A:A,Hotels!B:B,"Not found")) -> IHG Hotels & Resorts | AV22: Yes | AW22: =IF(OR(A22="",B22="",G22="",H22="",I22="",K22="",L22="",M22="",N22="",S22="",AC22="",AI22=""),"Check","OK") -> OK | AX22: =IF(AND(G22<=H22, H22<=I22),"OK","CHECK") -> OK | AY22: =IF(Q22=H22-G22,"OK","Check") -> OK | AZ22: =IF(ROUND(W22+X22+AA22+AB22,2)=ROUND(AC22,2),"OK","Check") -> OK | BA22: =IF(ROUND(AC22+AF22+AG22-AH22,2)=ROUND(AI22,2),"OK","Check") -> OK | BB22: =COUNTIF('Trip Changes'!B:B,A22) -> 0 | BC22: =IF(OR(AND(AD22="Yes",COUNTIF('Trip Changes'!B:B,A22)>0),AND(AD22="No",COUNTIF('Trip Changes'!B:B,A22)=0)),"OK","Check") -> OK | BD22: =IF(OR(AD22="Yes",AD22="No"),"OK","Check") -> OK | BE22: =IF(OR(AE22="Yes",AE22="No"),"OK","Check") -> OK | BF22: =IF(OR(AP22="Yes",AP22="No"),"OK","Check") -> OK | BG22: =IF(OR(AV22="Yes",AV22="No"),"OK","Check") -> OK | BH22: =IF(AND(ISNUMBER(AR22),AR22>=1,AR22<=5),"OK","Check") -> OK | BI22: =IF(OR(N22="Air",N22="Rail"),"OK","Check") -> OK | BJ22: =IF(OR(M22="Domestic",M22="International"),"OK","Check") -> OK | BK22: =IF(OR(S22="Online Booking Tool",S22="TMC Assisted",S22="Direct Supplier",S22="Other"),"OK","Check") -> OK
A23: T00022 | B23: E0007 | C23: Newcastle | D23: Risk Advisory | E23: Manager | F23: Client meeting | G23: 46226 | H23: 46227 | I23: 46229 | J23: 2026-07 | K23: Newcastle | L23: Dublin | M23: International | N23: Air | O23: Economy | P23: 1762 | Q23: 1 | R23: =IF(Q23<=3,"0-3 days",IF(Q23<=7,"4-7 days",IF(Q23<=14,"8-14 days",IF(Q23<=30,"15-30 days","31+ days")))) -> 0-3 days | S23: TMC Assisted | T23: A10 | U23: H04 | V23: =IF(U23="","",IFERROR(VLOOKUP(U23,Hotels!A:B,2,FALSE),"Not Found")) -> Accor | W23: 411.87 | X23: 0 | Y23: 1 | Z23: =IF(Y23>0,AA23/Y23,0) -> 92.01 | AA23: 92.01 | AB23: 93.12 | AC23: 597 | AD23: Yes | AE23: No | AF23: =SUMIF('Trip Changes'!$B:$B,A23,'Trip Changes'!$E:$E) -> 70.28 | AG23: =SUMIF('Trip Cancellations'!$B:$B,A23,'Trip Cancellations'!$E:$E) -> 0 | AH23: =SUMIF('Trip Cancellations'!$B:$B,A23,'Trip Cancellations'!$F:$F) -> 0 | AI23: =AC23+AF23+AG23-AH23 -> 667.28 | AJ23: =IF(Y23=0,"N/A", IF(OR(L23="London",L23="Manchester",L23="Birmingham",L23="Edinburgh",L23="Glasgow", L23="New York",L23="Boston",L23="Chicago",L23="Zurich",L23="Singapore",L23="Hong Kong",L23="Dubai"), IF(Z23<=220,"Yes","No"), IF(Z23<=180,"Yes","No"))) -> Yes | AK23: =IF(Y23=0,"N/A", IF(_xlfn.XLOOKUP(U23,Hotels!A:A,Hotels!C:C)=TRUE,"Yes","No")) -> Yes | AL23: =IF(N23="Rail","N/A",IF(_xlfn.XLOOKUP(T23,Airlines!A:A,Airlines!C:C)=TRUE,"Yes","No")) -> Yes | AM23: =IF(OR( AND(N23="Air",O23="Economy"), AND(N23="Rail",O23="Standard / 2nd Class") ),"Yes","No") -> Yes | AN23: =IF(OR(S23="Online Booking Tool",S23="TMC Assisted"),"Yes","No") -> Yes | AO23: =IF(AND(OR(AK23="Yes",AK23="N/A"),OR(AL23="Yes",AL23="N/A")),"Yes","No") -> Yes | AP23: Yes | AQ23: =IF(AND(OR(AJ23="Yes",AJ23="N/A"),OR(AK23="Yes",AK23="N/A"),OR(AL23="Yes",AL23="N/A"),AM23="Yes",AN23="Yes"),"Yes","No") -> Yes | AR23: 5 | AS23: 264.3 | AT23: =IF(T23="","",_xlfn.XLOOKUP(T23,Airlines!A:A,Airlines!B:B,"Not Found")) -> Aer Lingus | AU23: =IF(U23="","",_xlfn.XLOOKUP(U23,Hotels!A:A,Hotels!B:B,"Not found")) -> Accor | AV23: No | AW23: =IF(OR(A23="",B23="",G23="",H23="",I23="",K23="",L23="",M23="",N23="",S23="",AC23="",AI23=""),"Check","OK") -> OK | AX23: =IF(AND(G23<=H23, H23<=I23),"OK","CHECK") -> OK | AY23: =IF(Q23=H23-G23,"OK","Check") -> OK | AZ23: =IF(ROUND(W23+X23+AA23+AB23,2)=ROUND(AC23,2),"OK","Check") -> OK | BA23: =IF(ROUND(AC23+AF23+AG23-AH23,2)=ROUND(AI23,2),"OK","Check") -> OK | BB23: =COUNTIF('Trip Changes'!B:B,A23) -> 1 | BC23: =IF(OR(AND(AD23="Yes",COUNTIF('Trip Changes'!B:B,A23)>0),AND(AD23="No",COUNTIF('Trip Changes'!B:B,A23)=0)),"OK","Check") -> OK | BD23: =IF(OR(AD23="Yes",AD23="No"),"OK","Check") -> OK | BE23: =IF(OR(AE23="Yes",AE23="No"),"OK","Check") -> OK | BF23: =IF(OR(AP23="Yes",AP23="No"),"OK","Check") -> OK | BG23: =IF(OR(AV23="Yes",AV23="No"),"OK","Check") -> OK | BH23: =IF(AND(ISNUMBER(AR23),AR23>=1,AR23<=5),"OK","Check") -> OK | BI23: =IF(OR(N23="Air",N23="Rail"),"OK","Check") -> OK | BJ23: =IF(OR(M23="Domestic",M23="International"),"OK","Check") -> OK | BK23: =IF(OR(S23="Online Booking Tool",S23="TMC Assisted",S23="Direct Supplier",S23="Other"),"OK","Check") -> OK
A24: T00023 | B24: E0007 | C24: Newcastle | D24: Risk Advisory | E24: Manager | F24: Project work | G24: 46135 | H24: 46148 | I24: 46150 | J24: 2026-05 | K24: Newcastle | L24: Manchester | M24: Domestic | N24: Rail | O24: Standard / 2nd Class | P24: 756 | Q24: 13 | R24: =IF(Q24<=3,"0-3 days",IF(Q24<=7,"4-7 days",IF(Q24<=14,"8-14 days",IF(Q24<=30,"15-30 days","31+ days")))) -> 8-14 days | S24: Online Booking Tool | U24: H02 | V24: =IF(U24="","",IFERROR(VLOOKUP(U24,Hotels!A:B,2,FALSE),"Not Found")) -> Hilton | W24: 0 | X24: 203.34 | Y24: 1 | Z24: =IF(Y24>0,AA24/Y24,0) -> 162.11 | AA24: 162.11 | AB24: 37.13 | AC24: 402.58 | AD24: Yes | AE24: No | AF24: =SUMIF('Trip Changes'!$B:$B,A24,'Trip Changes'!$E:$E) -> 147.88 | AG24: =SUMIF('Trip Cancellations'!$B:$B,A24,'Trip Cancellations'!$E:$E) -> 0 | AH24: =SUMIF('Trip Cancellations'!$B:$B,A24,'Trip Cancellations'!$F:$F) -> 0 | AI24: =AC24+AF24+AG24-AH24 -> 550.46 | AJ24: =IF(Y24=0,"N/A", IF(OR(L24="London",L24="Manchester",L24="Birmingham",L24="Edinburgh",L24="Glasgow", L24="New York",L24="Boston",L24="Chicago",L24="Zurich",L24="Singapore",L24="Hong Kong",L24="Dubai"), IF(Z24<=220,"Yes","No"), IF(Z24<=180,"Yes","No"))) -> Yes | AK24: =IF(Y24=0,"N/A", IF(_xlfn.XLOOKUP(U24,Hotels!A:A,Hotels!C:C)=TRUE,"Yes","No")) -> Yes | AL24: =IF(N24="Rail","N/A",IF(_xlfn.XLOOKUP(T24,Airlines!A:A,Airlines!C:C)=TRUE,"Yes","No")) -> N/A | AM24: =IF(OR( AND(N24="Air",O24="Economy"), AND(N24="Rail",O24="Standard / 2nd Class") ),"Yes","No") -> Yes | AN24: =IF(OR(S24="Online Booking Tool",S24="TMC Assisted"),"Yes","No") -> Yes | AO24: =IF(AND(OR(AK24="Yes",AK24="N/A"),OR(AL24="Yes",AL24="N/A")),"Yes","No") -> Yes | AP24: Yes | AQ24: =IF(AND(OR(AJ24="Yes",AJ24="N/A"),OR(AK24="Yes",AK24="N/A"),OR(AL24="Yes",AL24="N/A"),AM24="Yes",AN24="Yes"),"Yes","No") -> Yes | AR24: 4 | AS24: 30.2 | AT24: =IF(T24="","",_xlfn.XLOOKUP(T24,Airlines!A:A,Airlines!B:B,"Not Found")) | AU24: =IF(U24="","",_xlfn.XLOOKUP(U24,Hotels!A:A,Hotels!B:B,"Not found")) -> Hilton | AV24: Yes | AW24: =IF(OR(A24="",B24="",G24="",H24="",I24="",K24="",L24="",M24="",N24="",S24="",AC24="",AI24=""),"Check","OK") -> OK | AX24: =IF(AND(G24<=H24, H24<=I24),"OK","CHECK") -> OK | AY24: =IF(Q24=H24-G24,"OK","Check") -> OK | AZ24: =IF(ROUND(W24+X24+AA24+AB24,2)=ROUND(AC24,2),"OK","Check") -> OK | BA24: =IF(ROUND(AC24+AF24+AG24-AH24,2)=ROUND(AI24,2),"OK","Check") -> OK | BB24: =COUNTIF('Trip Changes'!B:B,A24) -> 1 | BC24: =IF(OR(AND(AD24="Yes",COUNTIF('Trip Changes'!B:B,A24)>0),AND(AD24="No",COUNTIF('Trip Changes'!B:B,A24)=0)),"OK","Check") -> OK | BD24: =IF(OR(AD24="Yes",AD24="No"),"OK","Check") -> OK | BE24: =IF(OR(AE24="Yes",AE24="No"),"OK","Check") -> OK | BF24: =IF(OR(AP24="Yes",AP24="No"),"OK","Check") -> OK | BG24: =IF(OR(AV24="Yes",AV24="No"),"OK","Check") -> OK | BH24: =IF(AND(ISNUMBER(AR24),AR24>=1,AR24<=5),"OK","Check") -> OK | BI24: =IF(OR(N24="Air",N24="Rail"),"OK","Check") -> OK | BJ24: =IF(OR(M24="Domestic",M24="International"),"OK","Check") -> OK | BK24: =IF(OR(S24="Online Booking Tool",S24="TMC Assisted",S24="Direct Supplier",S24="Other"),"OK","Check") -> OK
A25: T00024 | B25: E0007 | C25: Newcastle | D25: Risk Advisory | E25: Manager | F25: Client meeting | G25: 46125 | H25: 46146 | I25: 46152 | J25: 2026-05 | K25: Newcastle | L25: Hong Kong | M25: International | N25: Air | O25: Economy | P25: 14602 | Q25: 21 | R25: =IF(Q25<=3,"0-3 days",IF(Q25<=7,"4-7 days",IF(Q25<=14,"8-14 days",IF(Q25<=30,"15-30 days","31+ days")))) -> 15-30 days | S25: Online Booking Tool | T25: A01 | U25: H01 | V25: =IF(U25="","",IFERROR(VLOOKUP(U25,Hotels!A:B,2,FALSE),"Not Found")) -> Marriott | W25: 1301.17 | X25: 0 | Y25: 5 | Z25: =IF(Y25>0,AA25/Y25,0) -> 134.274 | AA25: 671.37 | AB25: 122.79 | AC25: 2095.33 | AD25: No | AE25: No | AF25: =SUMIF('Trip Changes'!$B:$B,A25,'Trip Changes'!$E:$E) -> 0 | AG25: =SUMIF('Trip Cancellations'!$B:$B,A25,'Trip Cancellations'!$E:$E) -> 0 | AH25: =SUMIF('Trip Cancellations'!$B:$B,A25,'Trip Cancellations'!$F:$F) -> 0 | AI25: =AC25+AF25+AG25-AH25 -> 2095.33 | AJ25: =IF(Y25=0,"N/A", IF(OR(L25="London",L25="Manchester",L25="Birmingham",L25="Edinburgh",L25="Glasgow", L25="New York",L25="Boston",L25="Chicago",L25="Zurich",L25="Singapore",L25="Hong Kong",L25="Dubai"), IF(Z25<=220,"Yes","No"), IF(Z25<=180,"Yes","No"))) -> Yes | AK25: =IF(Y25=0,"N/A", IF(_xlfn.XLOOKUP(U25,Hotels!A:A,Hotels!C:C)=TRUE,"Yes","No")) -> Yes | AL25: =IF(N25="Rail","N/A",IF(_xlfn.XLOOKUP(T25,Airlines!A:A,Airlines!C:C)=TRUE,"Yes","No")) -> Yes | AM25: =IF(OR( AND(N25="Air",O25="Economy"), AND(N25="Rail",O25="Standard / 2nd Class") ),"Yes","No") -> Yes | AN25: =IF(OR(S25="Online Booking Tool",S25="TMC Assisted"),"Yes","No") -> Yes | AO25: =IF(AND(OR(AK25="Yes",AK25="N/A"),OR(AL25="Yes",AL25="N/A")),"Yes","No") -> Yes | AP25: Yes | AQ25: =IF(AND(OR(AJ25="Yes",AJ25="N/A"),OR(AK25="Yes",AK25="N/A"),OR(AL25="Yes",AL25="N/A"),AM25="Yes",AN25="Yes"),"Yes","No") -> Yes | AR25: 3 | AS25: 2190.3 | AT25: =IF(T25="","",_xlfn.XLOOKUP(T25,Airlines!A:A,Airlines!B:B,"Not Found")) -> British Airways | AU25: =IF(U25="","",_xlfn.XLOOKUP(U25,Hotels!A:A,Hotels!B:B,"Not found")) -> Marriott | AV25: No | AW25: =IF(OR(A25="",B25="",G25="",H25="",I25="",K25="",L25="",M25="",N25="",S25="",AC25="",AI25=""),"Check","OK") -> OK | AX25: =IF(AND(G25<=H25, H25<=I25),"OK","CHECK") -> OK | AY25: =IF(Q25=H25-G25,"OK","Check") -> OK | AZ25: =IF(ROUND(W25+X25+AA25+AB25,2)=ROUND(AC25,2),"OK","Check") -> OK | BA25: =IF(ROUND(AC25+AF25+AG25-AH25,2)=ROUND(AI25,2),"OK","Check") -> OK | BB25: =COUNTIF('Trip Changes'!B:B,A25) -> 0 | BC25: =IF(OR(AND(AD25="Yes",COUNTIF('Trip Changes'!B:B,A25)>0),AND(AD25="No",COUNTIF('Trip Changes'!B:B,A25)=0)),"OK","Check") -> OK | BD25: =IF(OR(AD25="Yes",AD25="No"),"OK","Check") -> OK | BE25: =IF(OR(AE25="Yes",AE25="No"),"OK","Check") -> OK | BF25: =IF(OR(AP25="Yes",AP25="No"),"OK","Check") -> OK | BG25: =IF(OR(AV25="Yes",AV25="No"),"OK","Check") -> OK | BH25: =IF(AND(ISNUMBER(AR25),AR25>=1,AR25<=5),"OK","Check") -> OK | BI25: =IF(OR(N25="Air",N25="Rail"),"OK","Check") -> OK | BJ25: =IF(OR(M25="Domestic",M25="International"),"OK","Check") -> OK | BK25: =IF(OR(S25="Online Booking Tool",S25="TMC Assisted",S25="Direct Supplier",S25="Other"),"OK","Check") -> OK
A26: T00025 | B26: E0007 | C26: Newcastle | D26: Risk Advisory | E26: Manager | F26: Internal meeting | G26: 46214 | H26: 46222 | I26: 46225 | J26: 2026-07 | K26: Newcastle | L26: Amsterdam | M26: International | N26: Air | O26: Economy | P26: 1608 | Q26: 8 | R26: =IF(Q26<=3,"0-3 days",IF(Q26<=7,"4-7 days",IF(Q26<=14,"8-14 days",IF(Q26<=30,"15-30 days","31+ days")))) -> 8-14 days | S26: Online Booking Tool | T26: A01 | U26: H03 | V26: =IF(U26="","",IFERROR(VLOOKUP(U26,Hotels!A:B,2,FALSE),"Not Found")) -> IHG Hotels & Resorts | W26: 449.88 | X26: 0 | Y26: 2 | Z26: =IF(Y26>0,AA26/Y26,0) -> 196.335 | AA26: 392.67 | AB26: 110.06 | AC26: 952.61 | AD26: No | AE26: No | AF26: =SUMIF('Trip Changes'!$B:$B,A26,'Trip Changes'!$E:$E) -> 0 | AG26: =SUMIF('Trip Cancellations'!$B:$B,A26,'Trip Cancellations'!$E:$E) -> 0 | AH26: =SUMIF('Trip Cancellations'!$B:$B,A26,'Trip Cancellations'!$F:$F) -> 0 | AI26: =AC26+AF26+AG26-AH26 -> 952.61 | AJ26: =IF(Y26=0,"N/A", IF(OR(L26="London",L26="Manchester",L26="Birmingham",L26="Edinburgh",L26="Glasgow", L26="New York",L26="Boston",L26="Chicago",L26="Zurich",L26="Singapore",L26="Hong Kong",L26="Dubai"), IF(Z26<=220,"Yes","No"), IF(Z26<=180,"Yes","No"))) -> No | AK26: =IF(Y26=0,"N/A", IF(_xlfn.XLOOKUP(U26,Hotels!A:A,Hotels!C:C)=TRUE,"Yes","No")) -> Yes | AL26: =IF(N26="Rail","N/A",IF(_xlfn.XLOOKUP(T26,Airlines!A:A,Airlines!C:C)=TRUE,"Yes","No")) -> Yes | AM26: =IF(OR( AND(N26="Air",O26="Economy"), AND(N26="Rail",O26="Standard / 2nd Class") ),"Yes","No") -> Yes | AN26: =IF(OR(S26="Online Booking Tool",S26="TMC Assisted"),"Yes","No") -> Yes | AO26: =IF(AND(OR(AK26="Yes",AK26="N/A"),OR(AL26="Yes",AL26="N/A")),"Yes","No") -> Yes | AP26: Yes | AQ26: =IF(AND(OR(AJ26="Yes",AJ26="N/A"),OR(AK26="Yes",AK26="N/A"),OR(AL26="Yes",AL26="N/A"),AM26="Yes",AN26="Yes"),"Yes","No") -> No | AR26: 4 | AS26: 241.2 | AT26: =IF(T26="","",_xlfn.XLOOKUP(T26,Airlines!A:A,Airlines!B:B,"Not Found")) -> British Airways | AU26: =IF(U26="","",_xlfn.XLOOKUP(U26,Hotels!A:A,Hotels!B:B,"Not found")) -> IHG Hotels & Resorts | AV26: No | AW26: =IF(OR(A26="",B26="",G26="",H26="",I26="",K26="",L26="",M26="",N26="",S26="",AC26="",AI26=""),"Check","OK") -> OK | AX26: =IF(AND(G26<=H26, H26<=I26),"OK","CHECK") -> OK | AY26: =IF(Q26=H26-G26,"OK","Check") -> OK | AZ26: =IF(ROUND(W26+X26+AA26+AB26,2)=ROUND(AC26,2),"OK","Check") -> OK | BA26: =IF(ROUND(AC26+AF26+AG26-AH26,2)=ROUND(AI26,2),"OK","Check") -> OK | BB26: =COUNTIF('Trip Changes'!B:B,A26) -> 0 | BC26: =IF(OR(AND(AD26="Yes",COUNTIF('Trip Changes'!B:B,A26)>0),AND(AD26="No",COUNTIF('Trip Changes'!B:B,A26)=0)),"OK","Check") -> OK | BD26: =IF(OR(AD26="Yes",AD26="No"),"OK","Check") -> OK | BE26: =IF(OR(AE26="Yes",AE26="No"),"OK","Check") -> OK | BF26: =IF(OR(AP26="Yes",AP26="No"),"OK","Check") -> OK | BG26: =IF(OR(AV26="Yes",AV26="No"),"OK","Check") -> OK | BH26: =IF(AND(ISNUMBER(AR26),AR26>=1,AR26<=5),"OK","Check") -> OK | BI26: =IF(OR(N26="Air",N26="Rail"),"OK","Check") -> OK | BJ26: =IF(OR(M26="Domestic",M26="International"),"OK","Check") -> OK | BK26: =IF(OR(S26="Online Booking Tool",S26="TMC Assisted",S26="Direct Supplier",S26="Other"),"OK","Check") -> OK
A27: T00026 | B27: E0007 | C27: Newcastle | D27: Risk Advisory | E27: Manager | F27: Internal meeting | G27: 46189 | H27: 46195 | I27: 46197 | J27: 2026-06 | K27: Newcastle | L27: Brussels | M27: International | N27: Air | O27: Economy | P27: 2688 | Q27: 6 | R27: =IF(Q27<=3,"0-3 days",IF(Q27<=7,"4-7 days",IF(Q27<=14,"8-14 days",IF(Q27<=30,"15-30 days","31+ days")))) -> 4-7 days | S27: Online Booking Tool | T27: A04 | U27: H04 | V27: =IF(U27="","",IFERROR(VLOOKUP(U27,Hotels!A:B,2,FALSE),"Not Found")) -> Accor | W27: 639.1 | X27: 0 | Y27: 1 | Z27: =IF(Y27>0,AA27/Y27,0) -> 231.27 | AA27: 231.27 | AB27: 77.78 | AC27: 948.15 | AD27: No | AE27: Yes | AF27: =SUMIF('Trip Changes'!$B:$B,A27,'Trip Changes'!$E:$E) -> 0 | AG27: =SUMIF('Trip Cancellations'!$B:$B,A27,'Trip Cancellations'!$E:$E) -> 87.4 | AH27: =SUMIF('Trip Cancellations'!$B:$B,A27,'Trip Cancellations'!$F:$F) -> 783.33 | AI27: =AC27+AF27+AG27-AH27 -> 252.22 | AJ27: =IF(Y27=0,"N/A", IF(OR(L27="London",L27="Manchester",L27="Birmingham",L27="Edinburgh",L27="Glasgow", L27="New York",L27="Boston",L27="Chicago",L27="Zurich",L27="Singapore",L27="Hong Kong",L27="Dubai"), IF(Z27<=220,"Yes","No"), IF(Z27<=180,"Yes","No"))) -> No | AK27: =IF(Y27=0,"N/A", IF(_xlfn.XLOOKUP(U27,Hotels!A:A,Hotels!C:C)=TRUE,"Yes","No")) -> Yes | AL27: =IF(N27="Rail","N/A",IF(_xlfn.XLOOKUP(T27,Airlines!A:A,Airlines!C:C)=TRUE,"Yes","No")) -> Yes | AM27: =IF(OR( AND(N27="Air",O27="Economy"), AND(N27="Rail",O27="Standard / 2nd Class") ),"Yes","No") -> Yes | AN27: =IF(OR(S27="Online Booking Tool",S27="TMC Assisted"),"Yes","No") -> Yes | AO27: =IF(AND(OR(AK27="Yes",AK27="N/A"),OR(AL27="Yes",AL27="N/A")),"Yes","No") -> Yes | AP27: Yes | AQ27: =IF(AND(OR(AJ27="Yes",AJ27="N/A"),OR(AK27="Yes",AK27="N/A"),OR(AL27="Yes",AL27="N/A"),AM27="Yes",AN27="Yes"),"Yes","No") -> No | AR27: 3 | AS27: 403.2 | AT27: =IF(T27="","",_xlfn.XLOOKUP(T27,Airlines!A:A,Airlines!B:B,"Not Found")) -> Lufthansa | AU27: =IF(U27="","",_xlfn.XLOOKUP(U27,Hotels!A:A,Hotels!B:B,"Not found")) -> Accor | AV27: Yes | AW27: =IF(OR(A27="",B27="",G27="",H27="",I27="",K27="",L27="",M27="",N27="",S27="",AC27="",AI27=""),"Check","OK") -> OK | AX27: =IF(AND(G27<=H27, H27<=I27),"OK","CHECK") -> OK | AY27: =IF(Q27=H27-G27,"OK","Check") -> OK | AZ27: =IF(ROUND(W27+X27+AA27+AB27,2)=ROUND(AC27,2),"OK","Check") -> OK | BA27: =IF(ROUND(AC27+AF27+AG27-AH27,2)=ROUND(AI27,2),"OK","Check") -> OK | BB27: =COUNTIF('Trip Changes'!B:B,A27) -> 0 | BC27: =IF(OR(AND(AD27="Yes",COUNTIF('Trip Changes'!B:B,A27)>0),AND(AD27="No",COUNTIF('Trip Changes'!B:B,A27)=0)),"OK","Check") -> OK | BD27: =IF(OR(AD27="Yes",AD27="No"),"OK","Check") -> OK | BE27: =IF(OR(AE27="Yes",AE27="No"),"OK","Check") -> OK | BF27: =IF(OR(AP27="Yes",AP27="No"),"OK","Check") -> OK | BG27: =IF(OR(AV27="Yes",AV27="No"),"OK","Check") -> OK | BH27: =IF(AND(ISNUMBER(AR27),AR27>=1,AR27<=5),"OK","Check") -> OK | BI27: =IF(OR(N27="Air",N27="Rail"),"OK","Check") -> OK | BJ27: =IF(OR(M27="Domestic",M27="International"),"OK","Check") -> OK | BK27: =IF(OR(S27="Online Booking Tool",S27="TMC Assisted",S27="Direct Supplier",S27="Other"),"OK","Check") -> OK
A28: T00027 | B28: E0008 | C28: Birmingham | D28: Tax & Legal | E28: Manager | F28: Client meeting | G28: 46152 | H28: 46189 | I28: 46190 | J28: 2026-06 | K28: Birmingham | L28: London | M28: Domestic | N28: Rail | O28: Standard / 2nd Class | P28: 1206 | Q28: 37 | R28: =IF(Q28<=3,"0-3 days",IF(Q28<=7,"4-7 days",IF(Q28<=14,"8-14 days",IF(Q28<=30,"15-30 days","31+ days")))) -> 31+ days | S28: Direct Supplier | V28: =IF(U28="","",IFERROR(VLOOKUP(U28,Hotels!A:B,2,FALSE),"Not Found")) | W28: 0 | X28: 132.82 | Y28: 0 | Z28: =IF(Y28>0,AA28/Y28,0) -> 0 | AA28: 0 | AB28: 66.98 | AC28: 199.8 | AD28: No | AE28: No | AF28: =SUMIF('Trip Changes'!$B:$B,A28,'Trip Changes'!$E:$E) -> 0 | AG28: =SUMIF('Trip Cancellations'!$B:$B,A28,'Trip Cancellations'!$E:$E) -> 0 | AH28: =SUMIF('Trip Cancellations'!$B:$B,A28,'Trip Cancellations'!$F:$F) -> 0 | AI28: =AC28+AF28+AG28-AH28 -> 199.8 | AJ28: =IF(Y28=0,"N/A", IF(OR(L28="London",L28="Manchester",L28="Birmingham",L28="Edinburgh",L28="Glasgow", L28="New York",L28="Boston",L28="Chicago",L28="Zurich",L28="Singapore",L28="Hong Kong",L28="Dubai"), IF(Z28<=220,"Yes","No"), IF(Z28<=180,"Yes","No"))) -> N/A | AK28: =IF(Y28=0,"N/A", IF(_xlfn.XLOOKUP(U28,Hotels!A:A,Hotels!C:C)=TRUE,"Yes","No")) -> N/A | AL28: =IF(N28="Rail","N/A",IF(_xlfn.XLOOKUP(T28,Airlines!A:A,Airlines!C:C)=TRUE,"Yes","No")) -> N/A | AM28: =IF(OR( AND(N28="Air",O28="Economy"), AND(N28="Rail",O28="Standard / 2nd Class") ),"Yes","No") -> Yes | AN28: =IF(OR(S28="Online Booking Tool",S28="TMC Assisted"),"Yes","No") -> No | AO28: =IF(AND(OR(AK28="Yes",AK28="N/A"),OR(AL28="Yes",AL28="N/A")),"Yes","No") -> Yes | AP28: No | AQ28: =IF(AND(OR(AJ28="Yes",AJ28="N/A"),OR(AK28="Yes",AK28="N/A"),OR(AL28="Yes",AL28="N/A"),AM28="Yes",AN28="Yes"),"Yes","No") -> No | AR28: 4 | AS28: 48.2 | AT28: =IF(T28="","",_xlfn.XLOOKUP(T28,Airlines!A:A,Airlines!B:B,"Not Found")) | AU28: =IF(U28="","",_xlfn.XLOOKUP(U28,Hotels!A:A,Hotels!B:B,"Not found")) | AV28: Yes | AW28: =IF(OR(A28="",B28="",G28="",H28="",I28="",K28="",L28="",M28="",N28="",S28="",AC28="",AI28=""),"Check","OK") -> OK | AX28: =IF(AND(G28<=H28, H28<=I28),"OK","CHECK") -> OK | AY28: =IF(Q28=H28-G28,"OK","Check") -> OK | AZ28: =IF(ROUND(W28+X28+AA28+AB28,2)=ROUND(AC28,2),"OK","Check") -> OK | BA28: =IF(ROUND(AC28+AF28+AG28-AH28,2)=ROUND(AI28,2),"OK","Check") -> OK | BB28: =COUNTIF('Trip Changes'!B:B,A28) -> 0 | BC28: =IF(OR(AND(AD28="Yes",COUNTIF('Trip Changes'!B:B,A28)>0),AND(AD28="No",COUNTIF('Trip Changes'!B:B,A28)=0)),"OK","Check") -> OK | BD28: =IF(OR(AD28="Yes",AD28="No"),"OK","Check") -> OK | BE28: =IF(OR(AE28="Yes",AE28="No"),"OK","Check") -> OK | BF28: =IF(OR(AP28="Yes",AP28="No"),"OK","Check") -> OK | BG28: =IF(OR(AV28="Yes",AV28="No"),"OK","Check") -> OK | BH28: =IF(AND(ISNUMBER(AR28),AR28>=1,AR28<=5),"OK","Check") -> OK | BI28: =IF(OR(N28="Air",N28="Rail"),"OK","Check") -> OK | BJ28: =IF(OR(M28="Domestic",M28="International"),"OK","Check") -> OK | BK28: =IF(OR(S28="Online Booking Tool",S28="TMC Assisted",S28="Direct Supplier",S28="Other"),"OK","Check") -> OK
A29: T00028 | B29: E0008 | C29: Birmingham | D29: Tax & Legal | E29: Manager | F29: Client meeting | G29: 46188 | H29: 46222 | I29: 46224 | J29: 2026-07 | K29: Birmingham | L29: Zurich | M29: International | N29: Air | O29: Economy | P29: 3192 | Q29: 34 | R29: =IF(Q29<=3,"0-3 days",IF(Q29<=7,"4-7 days",IF(Q29<=14,"8-14 days",IF(Q29<=30,"15-30 days","31+ days")))) -> 31+ days | S29: TMC Assisted | T29: A04 | U29: H02 | V29: =IF(U29="","",IFERROR(VLOOKUP(U29,Hotels!A:B,2,FALSE),"Not Found")) -> Hilton | W29: 296.59 | X29: 0 | Y29: 1 | Z29: =IF(Y29>0,AA29/Y29,0) -> 135 | AA29: 135 | AB29: 133.91 | AC29: 565.5 | AD29: No | AE29: No | AF29: =SUMIF('Trip Changes'!$B:$B,A29,'Trip Changes'!$E:$E) -> 0 | AG29: =SUMIF('Trip Cancellations'!$B:$B,A29,'Trip Cancellations'!$E:$E) -> 0 | AH29: =SUMIF('Trip Cancellations'!$B:$B,A29,'Trip Cancellations'!$F:$F) -> 0 | AI29: =AC29+AF29+AG29-AH29 -> 565.5 | AJ29: =IF(Y29=0,"N/A", IF(OR(L29="London",L29="Manchester",L29="Birmingham",L29="Edinburgh",L29="Glasgow", L29="New York",L29="Boston",L29="Chicago",L29="Zurich",L29="Singapore",L29="Hong Kong",L29="Dubai"), IF(Z29<=220,"Yes","No"), IF(Z29<=180,"Yes","No"))) -> Yes | AK29: =IF(Y29=0,"N/A", IF(_xlfn.XLOOKUP(U29,Hotels!A:A,Hotels!C:C)=TRUE,"Yes","No")) -> Yes | AL29: =IF(N29="Rail","N/A",IF(_xlfn.XLOOKUP(T29,Airlines!A:A,Airlines!C:C)=TRUE,"Yes","No")) -> Yes | AM29: =IF(OR( AND(N29="Air",O29="Economy"), AND(N29="Rail",O29="Standard / 2nd Class") ),"Yes","No") -> Yes | AN29: =IF(OR(S29="Online Booking Tool",S29="TMC Assisted"),"Yes","No") -> Yes | AO29: =IF(AND(OR(AK29="Yes",AK29="N/A"),OR(AL29="Yes",AL29="N/A")),"Yes","No") -> Yes | AP29: Yes | AQ29: =IF(AND(OR(AJ29="Yes",AJ29="N/A"),OR(AK29="Yes",AK29="N/A"),OR(AL29="Yes",AL29="N/A"),AM29="Yes",AN29="Yes"),"Yes","No") -> Yes | AR29: 4 | AS29: 478.8 | AT29: =IF(T29="","",_xlfn.XLOOKUP(T29,Airlines!A:A,Airlines!B:B,"Not Found")) -> Lufthansa | AU29: =IF(U29="","",_xlfn.XLOOKUP(U29,Hotels!A:A,Hotels!B:B,"Not found")) -> Hilton | AV29: No | AW29: =IF(OR(A29="",B29="",G29="",H29="",I29="",K29="",L29="",M29="",N29="",S29="",AC29="",AI29=""),"Check","OK") -> OK | AX29: =IF(AND(G29<=H29, H29<=I29),"OK","CHECK") -> OK | AY29: =IF(Q29=H29-G29,"OK","Check") -> OK | AZ29: =IF(ROUND(W29+X29+AA29+AB29,2)=ROUND(AC29,2),"OK","Check") -> OK | BA29: =IF(ROUND(AC29+AF29+AG29-AH29,2)=ROUND(AI29,2),"OK","Check") -> OK | BB29: =COUNTIF('Trip Changes'!B:B,A29) -> 0 | BC29: =IF(OR(AND(AD29="Yes",COUNTIF('Trip Changes'!B:B,A29)>0),AND(AD29="No",COUNTIF('Trip Changes'!B:B,A29)=0)),"OK","Check") -> OK | BD29: =IF(OR(AD29="Yes",AD29="No"),"OK","Check") -> OK | BE29: =IF(OR(AE29="Yes",AE29="No"),"OK","Check") -> OK | BF29: =IF(OR(AP29="Yes",AP29="No"),"OK","Check") -> OK | BG29: =IF(OR(AV29="Yes",AV29="No"),"OK","Check") -> OK | BH29: =IF(AND(ISNUMBER(AR29),AR29>=1,AR29<=5),"OK","Check") -> OK | BI29: =IF(OR(N29="Air",N29="Rail"),"OK","Check") -> OK | BJ29: =IF(OR(M29="Domestic",M29="International"),"OK","Check") -> OK | BK29: =IF(OR(S29="Online Booking Tool",S29="TMC Assisted",S29="Direct Supplier",S29="Other"),"OK","Check") -> OK
A30: T00029 | B30: E0008 | C30: Birmingham | D30: Tax & Legal | E30: Manager | F30: Recruitment / Interview | G30: 46145 | H30: 46178 | I30: 46183 | J30: 2026-06 | K30: Birmingham | L30: Paris | M30: International | N30: Air | O30: Economy | P30: 1044 | Q30: 33 | R30: =IF(Q30<=3,"0-3 days",IF(Q30<=7,"4-7 days",IF(Q30<=14,"8-14 days",IF(Q30<=30,"15-30 days","31+ days")))) -> 31+ days | S30: TMC Assisted | T30: A01 | U30: H01 | V30: =IF(U30="","",IFERROR(VLOOKUP(U30,Hotels!A:B,2,FALSE),"Not Found")) -> Marriott | W30: 361.93 | X30: 0 | Y30: 4 | Z30: =IF(Y30>0,AA30/Y30,0) -> 169.01 | AA30: 676.04 | AB30: 52.59 | AC30: 1090.56 | AD30: No | AE30: No | AF30: =SUMIF('Trip Changes'!$B:$B,A30,'Trip Changes'!$E:$E) -> 0 | AG30: =SUMIF('Trip Cancellations'!$B:$B,A30,'Trip Cancellations'!$E:$E) -> 0 | AH30: =SUMIF('Trip Cancellations'!$B:$B,A30,'Trip Cancellations'!$F:$F) -> 0 | AI30: =AC30+AF30+AG30-AH30 -> 1090.56 | AJ30: =IF(Y30=0,"N/A", IF(OR(L30="London",L30="Manchester",L30="Birmingham",L30="Edinburgh",L30="Glasgow", L30="New York",L30="Boston",L30="Chicago",L30="Zurich",L30="Singapore",L30="Hong Kong",L30="Dubai"), IF(Z30<=220,"Yes","No"), IF(Z30<=180,"Yes","No"))) -> Yes | AK30: =IF(Y30=0,"N/A", IF(_xlfn.XLOOKUP(U30,Hotels!A:A,Hotels!C:C)=TRUE,"Yes","No")) -> Yes | AL30: =IF(N30="Rail","N/A",IF(_xlfn.XLOOKUP(T30,Airlines!A:A,Airlines!C:C)=TRUE,"Yes","No")) -> Yes | AM30: =IF(OR( AND(N30="Air",O30="Economy"), AND(N30="Rail",O30="Standard / 2nd Class") ),"Yes","No") -> Yes | AN30: =IF(OR(S30="Online Booking Tool",S30="TMC Assisted"),"Yes","No") -> Yes | AO30: =IF(AND(OR(AK30="Yes",AK30="N/A"),OR(AL30="Yes",AL30="N/A")),"Yes","No") -> Yes | AP30: Yes | AQ30: =IF(AND(OR(AJ30="Yes",AJ30="N/A"),OR(AK30="Yes",AK30="N/A"),OR(AL30="Yes",AL30="N/A"),AM30="Yes",AN30="Yes"),"Yes","No") -> Yes | AR30: 4 | AS30: 156.6 | AT30: =IF(T30="","",_xlfn.XLOOKUP(T30,Airlines!A:A,Airlines!B:B,"Not Found")) -> British Airways | AU30: =IF(U30="","",_xlfn.XLOOKUP(U30,Hotels!A:A,Hotels!B:B,"Not found")) -> Marriott | AV30: No | AW30: =IF(OR(A30="",B30="",G30="",H30="",I30="",K30="",L30="",M30="",N30="",S30="",AC30="",AI30=""),"Check","OK") -> OK | AX30: =IF(AND(G30<=H30, H30<=I30),"OK","CHECK") -> OK | AY30: =IF(Q30=H30-G30,"OK","Check") -> OK | AZ30: =IF(ROUND(W30+X30+AA30+AB30,2)=ROUND(AC30,2),"OK","Check") -> OK | BA30: =IF(ROUND(AC30+AF30+AG30-AH30,2)=ROUND(AI30,2),"OK","Check") -> OK | BB30: =COUNTIF('Trip Changes'!B:B,A30) -> 0 | BC30: =IF(OR(AND(AD30="Yes",COUNTIF('Trip Changes'!B:B,A30)>0),AND(AD30="No",COUNTIF('Trip Changes'!B:B,A30)=0)),"OK","Check") -> OK | BD30: =IF(OR(AD30="Yes",AD30="No"),"OK","Check") -> OK | BE30: =IF(OR(AE30="Yes",AE30="No"),"OK","Check") -> OK | BF30: =IF(OR(AP30="Yes",AP30="No"),"OK","Check") -> OK | BG30: =IF(OR(AV30="Yes",AV30="No"),"OK","Check") -> OK | BH30: =IF(AND(ISNUMBER(AR30),AR30>=1,AR30<=5),"OK","Check") -> OK | BI30: =IF(OR(N30="Air",N30="Rail"),"OK","Check") -> OK | BJ30: =IF(OR(M30="Domestic",M30="International"),"OK","Check") -> OK | BK30: =IF(OR(S30="Online Booking Tool",S30="TMC Assisted",S30="Direct Supplier",S30="Other"),"OK","Check") -> OK
A31: T00030 | B31: E0008 | C31: Birmingham | D31: Tax & Legal | E31: Manager | F31: Project work | G31: 46179 | H31: 46194 | I31: 46195 | J31: 2026-06 | K31: Birmingham | L31: Glasgow | M31: Domestic | N31: Air | O31: Economy | P31: 520 | Q31: 15 | R31: =IF(Q31<=3,"0-3 days",IF(Q31<=7,"4-7 days",IF(Q31<=14,"8-14 days",IF(Q31<=30,"15-30 days","31+ days")))) -> 15-30 days | S31: Online Booking Tool | T31: A02 | V31: =IF(U31="","",IFERROR(VLOOKUP(U31,Hotels!A:B,2,FALSE),"Not Found")) | W31: 278.28 | X31: 0 | Y31: 0 | Z31: =IF(Y31>0,AA31/Y31,0) -> 0 | AA31: 0 | AB31: 67.19 | AC31: 345.47 | AD31: No | AE31: No | AF31: =SUMIF('Trip Changes'!$B:$B,A31,'Trip Changes'!$E:$E) -> 0 | AG31: =SUMIF('Trip Cancellations'!$B:$B,A31,'Trip Cancellations'!$E:$E) -> 0 | AH31: =SUMIF('Trip Cancellations'!$B:$B,A31,'Trip Cancellations'!$F:$F) -> 0 | AI31: =AC31+AF31+AG31-AH31 -> 345.47 | AJ31: =IF(Y31=0,"N/A", IF(OR(L31="London",L31="Manchester",L31="Birmingham",L31="Edinburgh",L31="Glasgow", L31="New York",L31="Boston",L31="Chicago",L31="Zurich",L31="Singapore",L31="Hong Kong",L31="Dubai"), IF(Z31<=220,"Yes","No"), IF(Z31<=180,"Yes","No"))) -> N/A | AK31: =IF(Y31=0,"N/A", IF(_xlfn.XLOOKUP(U31,Hotels!A:A,Hotels!C:C)=TRUE,"Yes","No")) -> N/A | AL31: =IF(N31="Rail","N/A",IF(_xlfn.XLOOKUP(T31,Airlines!A:A,Airlines!C:C)=TRUE,"Yes","No")) -> Yes | AM31: =IF(OR( AND(N31="Air",O31="Economy"), AND(N31="Rail",O31="Standard / 2nd Class") ),"Yes","No") -> Yes | AN31: =IF(OR(S31="Online Booking Tool",S31="TMC Assisted"),"Yes","No") -> Yes | AO31: =IF(AND(OR(AK31="Yes",AK31="N/A"),OR(AL31="Yes",AL31="N/A")),"Yes","No") -> Yes | AP31: Yes | AQ31: =IF(AND(OR(AJ31="Yes",AJ31="N/A"),OR(AK31="Yes",AK31="N/A"),OR(AL31="Yes",AL31="N/A"),AM31="Yes",AN31="Yes"),"Yes","No") -> Yes | AR31: 5 | AS31: 78 | AT31: =IF(T31="","",_xlfn.XLOOKUP(T31,Airlines!A:A,Airlines!B:B,"Not Found")) -> easyJet | AU31: =IF(U31="","",_xlfn.XLOOKUP(U31,Hotels!A:A,Hotels!B:B,"Not found")) | AV31: No | AW31: =IF(OR(A31="",B31="",G31="",H31="",I31="",K31="",L31="",M31="",N31="",S31="",AC31="",AI31=""),"Check","OK") -> OK | AX31: =IF(AND(G31<=H31, H31<=I31),"OK","CHECK") -> OK | AY31: =IF(Q31=H31-G31,"OK","Check") -> OK | AZ31: =IF(ROUND(W31+X31+AA31+AB31,2)=ROUND(AC31,2),"OK","Check") -> OK | BA31: =IF(ROUND(AC31+AF31+AG31-AH31,2)=ROUND(AI31,2),"OK","Check") -> OK | BB31: =COUNTIF('Trip Changes'!B:B,A31) -> 0 | BC31: =IF(OR(AND(AD31="Yes",COUNTIF('Trip Changes'!B:B,A31)>0),AND(AD31="No",COUNTIF('Trip Changes'!B:B,A31)=0)),"OK","Check") -> OK | BD31: =IF(OR(AD31="Yes",AD31="No"),"OK","Check") -> OK | BE31: =IF(OR(AE31="Yes",AE31="No"),"OK","Check") -> OK | BF31: =IF(OR(AP31="Yes",AP31="No"),"OK","Check") -> OK | BG31: =IF(OR(AV31="Yes",AV31="No"),"OK","Check") -> OK | BH31: =IF(AND(ISNUMBER(AR31),AR31>=1,AR31<=5),"OK","Check") -> OK | BI31: =IF(OR(N31="Air",N31="Rail"),"OK","Check") -> OK | BJ31: =IF(OR(M31="Domestic",M31="International"),"OK","Check") -> OK | BK31: =IF(OR(S31="Online Booking Tool",S31="TMC Assisted",S31="Direct Supplier",S31="Other"),"OK","Check") -> OK
A32: T00031 | B32: E0008 | C32: Birmingham | D32: Tax & Legal | E32: Manager | F32: Client meeting | G32: 46200 | H32: 46201 | I32: 46205 | J32: 2026-06 | K32: Birmingham | L32: Amsterdam | M32: International | N32: Air | O32: Economy | P32: 3558 | Q32: 1 | R32: =IF(Q32<=3,"0-3 days",IF(Q32<=7,"4-7 days",IF(Q32<=14,"8-14 days",IF(Q32<=30,"15-30 days","31+ days")))) -> 0-3 days | S32: Online Booking Tool | T32: A03 | U32: H02 | V32: =IF(U32="","",IFERROR(VLOOKUP(U32,Hotels!A:B,2,FALSE),"Not Found")) -> Hilton | W32: 177 | X32: 0 | Y32: 3 | Z32: =IF(Y32>0,AA32/Y32,0) -> 141 | AA32: 423 | AB32: 71.71 | AC32: 671.71 | AD32: No | AE32: No | AF32: =SUMIF('Trip Changes'!$B:$B,A32,'Trip Changes'!$E:$E) -> 0 | AG32: =SUMIF('Trip Cancellations'!$B:$B,A32,'Trip Cancellations'!$E:$E) -> 0 | AH32: =SUMIF('Trip Cancellations'!$B:$B,A32,'Trip Cancellations'!$F:$F) -> 0 | AI32: =AC32+AF32+AG32-AH32 -> 671.71 | AJ32: =IF(Y32=0,"N/A", IF(OR(L32="London",L32="Manchester",L32="Birmingham",L32="Edinburgh",L32="Glasgow", L32="New York",L32="Boston",L32="Chicago",L32="Zurich",L32="Singapore",L32="Hong Kong",L32="Dubai"), IF(Z32<=220,"Yes","No"), IF(Z32<=180,"Yes","No"))) -> Yes | AK32: =IF(Y32=0,"N/A", IF(_xlfn.XLOOKUP(U32,Hotels!A:A,Hotels!C:C)=TRUE,"Yes","No")) -> Yes | AL32: =IF(N32="Rail","N/A",IF(_xlfn.XLOOKUP(T32,Airlines!A:A,Airlines!C:C)=TRUE,"Yes","No")) -> Yes | AM32: =IF(OR( AND(N32="Air",O32="Economy"), AND(N32="Rail",O32="Standard / 2nd Class") ),"Yes","No") -> Yes | AN32: =IF(OR(S32="Online Booking Tool",S32="TMC Assisted"),"Yes","No") -> Yes | AO32: =IF(AND(OR(AK32="Yes",AK32="N/A"),OR(AL32="Yes",AL32="N/A")),"Yes","No") -> Yes | AP32: No | AQ32: =IF(AND(OR(AJ32="Yes",AJ32="N/A"),OR(AK32="Yes",AK32="N/A"),OR(AL32="Yes",AL32="N/A"),AM32="Yes",AN32="Yes"),"Yes","No") -> Yes | AR32: 3 | AS32: 533.7 | AT32: =IF(T32="","",_xlfn.XLOOKUP(T32,Airlines!A:A,Airlines!B:B,"Not Found")) -> KLM | AU32: =IF(U32="","",_xlfn.XLOOKUP(U32,Hotels!A:A,Hotels!B:B,"Not found")) -> Hilton | AV32: No | AW32: =IF(OR(A32="",B32="",G32="",H32="",I32="",K32="",L32="",M32="",N32="",S32="",AC32="",AI32=""),"Check","OK") -> OK | AX32: =IF(AND(G32<=H32, H32<=I32),"OK","CHECK") -> OK | AY32: =IF(Q32=H32-G32,"OK","Check") -> OK | AZ32: =IF(ROUND(W32+X32+AA32+AB32,2)=ROUND(AC32,2),"OK","Check") -> OK | BA32: =IF(ROUND(AC32+AF32+AG32-AH32,2)=ROUND(AI32,2),"OK","Check") -> OK | BB32: =COUNTIF('Trip Changes'!B:B,A32) -> 0 | BC32: =IF(OR(AND(AD32="Yes",COUNTIF('Trip Changes'!B:B,A32)>0),AND(AD32="No",COUNTIF('Trip Changes'!B:B,A32)=0)),"OK","Check") -> OK | BD32: =IF(OR(AD32="Yes",AD32="No"),"OK","Check") -> OK | BE32: =IF(OR(AE32="Yes",AE32="No"),"OK","Check") -> OK | BF32: =IF(OR(AP32="Yes",AP32="No"),"OK","Check") -> OK | BG32: =IF(OR(AV32="Yes",AV32="No"),"OK","Check") -> OK | BH32: =IF(AND(ISNUMBER(AR32),AR32>=1,AR32<=5),"OK","Check") -> OK | BI32: =IF(OR(N32="Air",N32="Rail"),"OK","Check") -> OK | BJ32: =IF(OR(M32="Domestic",M32="International"),"OK","Check") -> OK | BK32: =IF(OR(S32="Online Booking Tool",S32="TMC Assisted",S32="Direct Supplier",S32="Other"),"OK","Check") -> OK
A33: T00032 | B33: E0009 | C33: Birmingham | D33: Audit & Assurance | E33: Manager | F33: Project work | G33: 46190 | H33: 46206 | I33: 46209 | J33: 2026-07 | K33: Birmingham | L33: Munich | M33: International | N33: Air | O33: Economy | P33: 3384 | Q33: 16 | R33: =IF(Q33<=3,"0-3 days",IF(Q33<=7,"4-7 days",IF(Q33<=14,"8-14 days",IF(Q33<=30,"15-30 days","31+ days")))) -> 15-30 days | S33: Online Booking Tool | T33: A01 | U33: H04 | V33: =IF(U33="","",IFERROR(VLOOKUP(U33,Hotels!A:B,2,FALSE),"Not Found")) -> Accor | W33: 399.57 | X33: 0 | Y33: 2 | Z33: =IF(Y33>0,AA33/Y33,0) -> 159.335 | AA33: 318.67 | AB33: 73.68 | AC33: 791.92 | AD33: No | AE33: No | AF33: =SUMIF('Trip Changes'!$B:$B,A33,'Trip Changes'!$E:$E) -> 0 | AG33: =SUMIF('Trip Cancellations'!$B:$B,A33,'Trip Cancellations'!$E:$E) -> 0 | AH33: =SUMIF('Trip Cancellations'!$B:$B,A33,'Trip Cancellations'!$F:$F) -> 0 | AI33: =AC33+AF33+AG33-AH33 -> 791.92 | AJ33: =IF(Y33=0,"N/A", IF(OR(L33="London",L33="Manchester",L33="Birmingham",L33="Edinburgh",L33="Glasgow", L33="New York",L33="Boston",L33="Chicago",L33="Zurich",L33="Singapore",L33="Hong Kong",L33="Dubai"), IF(Z33<=220,"Yes","No"), IF(Z33<=180,"Yes","No"))) -> Yes | AK33: =IF(Y33=0,"N/A", IF(_xlfn.XLOOKUP(U33,Hotels!A:A,Hotels!C:C)=TRUE,"Yes","No")) -> Yes | AL33: =IF(N33="Rail","N/A",IF(_xlfn.XLOOKUP(T33,Airlines!A:A,Airlines!C:C)=TRUE,"Yes","No")) -> Yes | AM33: =IF(OR( AND(N33="Air",O33="Economy"), AND(N33="Rail",O33="Standard / 2nd Class") ),"Yes","No") -> Yes | AN33: =IF(OR(S33="Online Booking Tool",S33="TMC Assisted"),"Yes","No") -> Yes | AO33: =IF(AND(OR(AK33="Yes",AK33="N/A"),OR(AL33="Yes",AL33="N/A")),"Yes","No") -> Yes | AP33: Yes | AQ33: =IF(AND(OR(AJ33="Yes",AJ33="N/A"),OR(AK33="Yes",AK33="N/A"),OR(AL33="Yes",AL33="N/A"),AM33="Yes",AN33="Yes"),"Yes","No") -> Yes | AR33: 5 | AS33: 507.6 | AT33: =IF(T33="","",_xlfn.XLOOKUP(T33,Airlines!A:A,Airlines!B:B,"Not Found")) -> British Airways | AU33: =IF(U33="","",_xlfn.XLOOKUP(U33,Hotels!A:A,Hotels!B:B,"Not found")) -> Accor | AV33: Yes | AW33: =IF(OR(A33="",B33="",G33="",H33="",I33="",K33="",L33="",M33="",N33="",S33="",AC33="",AI33=""),"Check","OK") -> OK | AX33: =IF(AND(G33<=H33, H33<=I33),"OK","CHECK") -> OK | AY33: =IF(Q33=H33-G33,"OK","Check") -> OK | AZ33: =IF(ROUND(W33+X33+AA33+AB33,2)=ROUND(AC33,2),"OK","Check") -> OK | BA33: =IF(ROUND(AC33+AF33+AG33-AH33,2)=ROUND(AI33,2),"OK","Check") -> OK | BB33: =COUNTIF('Trip Changes'!B:B,A33) -> 0 | BC33: =IF(OR(AND(AD33="Yes",COUNTIF('Trip Changes'!B:B,A33)>0),AND(AD33="No",COUNTIF('Trip Changes'!B:B,A33)=0)),"OK","Check") -> OK | BD33: =IF(OR(AD33="Yes",AD33="No"),"OK","Check") -> OK | BE33: =IF(OR(AE33="Yes",AE33="No"),"OK","Check") -> OK | BF33: =IF(OR(AP33="Yes",AP33="No"),"OK","Check") -> OK | BG33: =IF(OR(AV33="Yes",AV33="No"),"OK","Check") -> OK | BH33: =IF(AND(ISNUMBER(AR33),AR33>=1,AR33<=5),"OK","Check") -> OK | BI33: =IF(OR(N33="Air",N33="Rail"),"OK","Check") -> OK | BJ33: =IF(OR(M33="Domestic",M33="International"),"OK","Check") -> OK | BK33: =IF(OR(S33="Online Booking Tool",S33="TMC Assisted",S33="Direct Supplier",S33="Other"),"OK","Check") -> OK
A34: T00033 | B34: E0009 | C34: Birmingham | D34: Audit & Assurance | E34: Manager | F34: Other | G34: 46166 | H34: 46169 | I34: 46178 | J34: 2026-05 | K34: Birmingham | L34: Singapore | M34: International | N34: Air | O34: Premium Economy | P34: 16768 | Q34: 3 | R34: =IF(Q34<=3,"0-3 days",IF(Q34<=7,"4-7 days",IF(Q34<=14,"8-14 days",IF(Q34<=30,"15-30 days","31+ days")))) -> 0-3 days | S34: Online Booking Tool | T34: A01 | U34: H05 | V34: =IF(U34="","",IFERROR(VLOOKUP(U34,Hotels!A:B,2,FALSE),"Not Found")) -> Radisson Hotel Group | W34: 1614.2 | X34: 0 | Y34: 8 | Z34: =IF(Y34>0,AA34/Y34,0) -> 202.16875 | AA34: 1617.35 | AB34: 66.93 | AC34: 3298.48 | AD34: Yes | AE34: No | AF34: =SUMIF('Trip Changes'!$B:$B,A34,'Trip Changes'!$E:$E) -> 68.12 | AG34: =SUMIF('Trip Cancellations'!$B:$B,A34,'Trip Cancellations'!$E:$E) -> 0 | AH34: =SUMIF('Trip Cancellations'!$B:$B,A34,'Trip Cancellations'!$F:$F) -> 0 | AI34: =AC34+AF34+AG34-AH34 -> 3366.6 | AJ34: =IF(Y34=0,"N/A", IF(OR(L34="London",L34="Manchester",L34="Birmingham",L34="Edinburgh",L34="Glasgow", L34="New York",L34="Boston",L34="Chicago",L34="Zurich",L34="Singapore",L34="Hong Kong",L34="Dubai"), IF(Z34<=220,"Yes","No"), IF(Z34<=180,"Yes","No"))) -> Yes | AK34: =IF(Y34=0,"N/A", IF(_xlfn.XLOOKUP(U34,Hotels!A:A,Hotels!C:C)=TRUE,"Yes","No")) -> No | AL34: =IF(N34="Rail","N/A",IF(_xlfn.XLOOKUP(T34,Airlines!A:A,Airlines!C:C)=TRUE,"Yes","No")) -> Yes | AM34: =IF(OR( AND(N34="Air",O34="Economy"), AND(N34="Rail",O34="Standard / 2nd Class") ),"Yes","No") -> No | AN34: =IF(OR(S34="Online Booking Tool",S34="TMC Assisted"),"Yes","No") -> Yes | AO34: =IF(AND(OR(AK34="Yes",AK34="N/A"),OR(AL34="Yes",AL34="N/A")),"Yes","No") -> No | AP34: No | AQ34: =IF(AND(OR(AJ34="Yes",AJ34="N/A"),OR(AK34="Yes",AK34="N/A"),OR(AL34="Yes",AL34="N/A"),AM34="Yes",AN34="Yes"),"Yes","No") -> No | AR34: 4 | AS34: 2515.2 | AT34: =IF(T34="","",_xlfn.XLOOKUP(T34,Airlines!A:A,Airlines!B:B,"Not Found")) -> British Airways | AU34: =IF(U34="","",_xlfn.XLOOKUP(U34,Hotels!A:A,Hotels!B:B,"Not found")) -> Radisson Hotel Group | AV34: No | AW34: =IF(OR(A34="",B34="",G34="",H34="",I34="",K34="",L34="",M34="",N34="",S34="",AC34="",AI34=""),"Check","OK") -> OK | AX34: =IF(AND(G34<=H34, H34<=I34),"OK","CHECK") -> OK | AY34: =IF(Q34=H34-G34,"OK","Check") -> OK | AZ34: =IF(ROUND(W34+X34+AA34+AB34,2)=ROUND(AC34,2),"OK","Check") -> OK | BA34: =IF(ROUND(AC34+AF34+AG34-AH34,2)=ROUND(AI34,2),"OK","Check") -> OK | BB34: =COUNTIF('Trip Changes'!B:B,A34) -> 1 | BC34: =IF(OR(AND(AD34="Yes",COUNTIF('Trip Changes'!B:B,A34)>0),AND(AD34="No",COUNTIF('Trip Changes'!B:B,A34)=0)),"OK","Check") -> OK | BD34: =IF(OR(AD34="Yes",AD34="No"),"OK","Check") -> OK | BE34: =IF(OR(AE34="Yes",AE34="No"),"OK","Check") -> OK | BF34: =IF(OR(AP34="Yes",AP34="No"),"OK","Check") -> OK | BG34: =IF(OR(AV34="Yes",AV34="No"),"OK","Check") -> OK | BH34: =IF(AND(ISNUMBER(AR34),AR34>=1,AR34<=5),"OK","Check") -> OK | BI34: =IF(OR(N34="Air",N34="Rail"),"OK","Check") -> OK | BJ34: =IF(OR(M34="Domestic",M34="International"),"OK","Check") -> OK | BK34: =IF(OR(S34="Online Booking Tool",S34="TMC Assisted",S34="Direct Supplier",S34="Other"),"OK","Check") -> OK
A35: T00034 | B35: E0010 | C35: Aberdeen | D35: Risk Advisory | E35: Manager | F35: Client meeting | G35: 46201 | H35: 46206 | I35: 46208 | J35: 2026-07 | K35: Aberdeen | L35: Brussels | M35: International | N35: Air | O35: Economy | P35: 2394 | Q35: 5 | R35: =IF(Q35<=3,"0-3 days",IF(Q35<=7,"4-7 days",IF(Q35<=14,"8-14 days",IF(Q35<=30,"15-30 days","31+ days")))) -> 4-7 days | S35: Online Booking Tool | T35: A03 | U35: H01 | V35: =IF(U35="","",IFERROR(VLOOKUP(U35,Hotels!A:B,2,FALSE),"Not Found")) -> Marriott | W35: 610.39 | X35: 0 | Y35: 1 | Z35: =IF(Y35>0,AA35/Y35,0) -> 246.82 | AA35: 246.82 | AB35: 77.77 | AC35: 934.98 | AD35: Yes | AE35: No | AF35: =SUMIF('Trip Changes'!$B:$B,A35,'Trip Changes'!$E:$E) -> 173.75 | AG35: =SUMIF('Trip Cancellations'!$B:$B,A35,'Trip Cancellations'!$E:$E) -> 0 | AH35: =SUMIF('Trip Cancellations'!$B:$B,A35,'Trip Cancellations'!$F:$F) -> 0 | AI35: =AC35+AF35+AG35-AH35 -> 1108.73 | AJ35: =IF(Y35=0,"N/A", IF(OR(L35="London",L35="Manchester",L35="Birmingham",L35="Edinburgh",L35="Glasgow", L35="New York",L35="Boston",L35="Chicago",L35="Zurich",L35="Singapore",L35="Hong Kong",L35="Dubai"), IF(Z35<=220,"Yes","No"), IF(Z35<=180,"Yes","No"))) -> No | AK35: =IF(Y35=0,"N/A", IF(_xlfn.XLOOKUP(U35,Hotels!A:A,Hotels!C:C)=TRUE,"Yes","No")) -> Yes | AL35: =IF(N35="Rail","N/A",IF(_xlfn.XLOOKUP(T35,Airlines!A:A,Airlines!C:C)=TRUE,"Yes","No")) -> Yes | AM35: =IF(OR( AND(N35="Air",O35="Economy"), AND(N35="Rail",O35="Standard / 2nd Class") ),"Yes","No") -> Yes | AN35: =IF(OR(S35="Online Booking Tool",S35="TMC Assisted"),"Yes","No") -> Yes | AO35: =IF(AND(OR(AK35="Yes",AK35="N/A"),OR(AL35="Yes",AL35="N/A")),"Yes","No") -> Yes | AP35: Yes | AQ35: =IF(AND(OR(AJ35="Yes",AJ35="N/A"),OR(AK35="Yes",AK35="N/A"),OR(AL35="Yes",AL35="N/A"),AM35="Yes",AN35="Yes"),"Yes","No") -> No | AR35: 4 | AS35: 359.1 | AT35: =IF(T35="","",_xlfn.XLOOKUP(T35,Airlines!A:A,Airlines!B:B,"Not Found")) -> KLM | AU35: =IF(U35="","",_xlfn.XLOOKUP(U35,Hotels!A:A,Hotels!B:B,"Not found")) -> Marriott | AV35: Yes | AW35: =IF(OR(A35="",B35="",G35="",H35="",I35="",K35="",L35="",M35="",N35="",S35="",AC35="",AI35=""),"Check","OK") -> OK | AX35: =IF(AND(G35<=H35, H35<=I35),"OK","CHECK") -> OK | AY35: =IF(Q35=H35-G35,"OK","Check") -> OK | AZ35: =IF(ROUND(W35+X35+AA35+AB35,2)=ROUND(AC35,2),"OK","Check") -> OK | BA35: =IF(ROUND(AC35+AF35+AG35-AH35,2)=ROUND(AI35,2),"OK","Check") -> OK | BB35: =COUNTIF('Trip Changes'!B:B,A35) -> 1 | BC35: =IF(OR(AND(AD35="Yes",COUNTIF('Trip Changes'!B:B,A35)>0),AND(AD35="No",COUNTIF('Trip Changes'!B:B,A35)=0)),"OK","Check") -> OK | BD35: =IF(OR(AD35="Yes",AD35="No"),"OK","Check") -> OK | BE35: =IF(OR(AE35="Yes",AE35="No"),"OK","Check") -> OK | BF35: =IF(OR(AP35="Yes",AP35="No"),"OK","Check") -> OK | BG35: =IF(OR(AV35="Yes",AV35="No"),"OK","Check") -> OK | BH35: =IF(AND(ISNUMBER(AR35),AR35>=1,AR35<=5),"OK","Check") -> OK | BI35: =IF(OR(N35="Air",N35="Rail"),"OK","Check") -> OK | BJ35: =IF(OR(M35="Domestic",M35="International"),"OK","Check") -> OK | BK35: =IF(OR(S35="Online Booking Tool",S35="TMC Assisted",S35="Direct Supplier",S35="Other"),"OK","Check") -> OK
A36: T00035 | B36: E0010 | C36: Aberdeen | D36: Risk Advisory | E36: Manager | F36: Conference / Event | G36: 46194 | H36: 46214 | I36: 46217 | J36: 2026-07 | K36: Aberdeen | L36: London | M36: Domestic | N36: Rail | O36: Standard / 2nd Class | P36: 722 | Q36: 20 | R36: =IF(Q36<=3,"0-3 days",IF(Q36<=7,"4-7 days",IF(Q36<=14,"8-14 days",IF(Q36<=30,"15-30 days","31+ days")))) -> 15-30 days | S36: Online Booking Tool | U36: H06 | V36: =IF(U36="","",IFERROR(VLOOKUP(U36,Hotels!A:B,2,FALSE),"Not Found")) -> Premier Inn | W36: 0 | X36: 141.66 | Y36: 2 | Z36: =IF(Y36>0,AA36/Y36,0) -> 99.525 | AA36: 199.05 | AB36: 101.17 | AC36: 441.88 | AD36: No | AE36: No | AF36: =SUMIF('Trip Changes'!$B:$B,A36,'Trip Changes'!$E:$E) -> 0 | AG36: =SUMIF('Trip Cancellations'!$B:$B,A36,'Trip Cancellations'!$E:$E) -> 0 | AH36: =SUMIF('Trip Cancellations'!$B:$B,A36,'Trip Cancellations'!$F:$F) -> 0 | AI36: =AC36+AF36+AG36-AH36 -> 441.88 | AJ36: =IF(Y36=0,"N/A", IF(OR(L36="London",L36="Manchester",L36="Birmingham",L36="Edinburgh",L36="Glasgow", L36="New York",L36="Boston",L36="Chicago",L36="Zurich",L36="Singapore",L36="Hong Kong",L36="Dubai"), IF(Z36<=220,"Yes","No"), IF(Z36<=180,"Yes","No"))) -> Yes | AK36: =IF(Y36=0,"N/A", IF(_xlfn.XLOOKUP(U36,Hotels!A:A,Hotels!C:C)=TRUE,"Yes","No")) -> Yes | AL36: =IF(N36="Rail","N/A",IF(_xlfn.XLOOKUP(T36,Airlines!A:A,Airlines!C:C)=TRUE,"Yes","No")) -> N/A | AM36: =IF(OR( AND(N36="Air",O36="Economy"), AND(N36="Rail",O36="Standard / 2nd Class") ),"Yes","No") -> Yes | AN36: =IF(OR(S36="Online Booking Tool",S36="TMC Assisted"),"Yes","No") -> Yes | AO36: =IF(AND(OR(AK36="Yes",AK36="N/A"),OR(AL36="Yes",AL36="N/A")),"Yes","No") -> Yes | AP36: Yes | AQ36: =IF(AND(OR(AJ36="Yes",AJ36="N/A"),OR(AK36="Yes",AK36="N/A"),OR(AL36="Yes",AL36="N/A"),AM36="Yes",AN36="Yes"),"Yes","No") -> Yes | AR36: 5 | AS36: 28.9 | AT36: =IF(T36="","",_xlfn.XLOOKUP(T36,Airlines!A:A,Airlines!B:B,"Not Found")) | AU36: =IF(U36="","",_xlfn.XLOOKUP(U36,Hotels!A:A,Hotels!B:B,"Not found")) -> Premier Inn | AV36: No | AW36: =IF(OR(A36="",B36="",G36="",H36="",I36="",K36="",L36="",M36="",N36="",S36="",AC36="",AI36=""),"Check","OK") -> OK | AX36: =IF(AND(G36<=H36, H36<=I36),"OK","CHECK") -> OK | AY36: =IF(Q36=H36-G36,"OK","Check") -> OK | AZ36: =IF(ROUND(W36+X36+AA36+AB36,2)=ROUND(AC36,2),"OK","Check") -> OK | BA36: =IF(ROUND(AC36+AF36+AG36-AH36,2)=ROUND(AI36,2),"OK","Check") -> OK | BB36: =COUNTIF('Trip Changes'!B:B,A36) -> 0 | BC36: =IF(OR(AND(AD36="Yes",COUNTIF('Trip Changes'!B:B,A36)>0),AND(AD36="No",COUNTIF('Trip Changes'!B:B,A36)=0)),"OK","Check") -> OK | BD36: =IF(OR(AD36="Yes",AD36="No"),"OK","Check") -> OK | BE36: =IF(OR(AE36="Yes",AE36="No"),"OK","Check") -> OK | BF36: =IF(OR(AP36="Yes",AP36="No"),"OK","Check") -> OK | BG36: =IF(OR(AV36="Yes",AV36="No"),"OK","Check") -> OK | BH36: =IF(AND(ISNUMBER(AR36),AR36>=1,AR36<=5),"OK","Check") -> OK | BI36: =IF(OR(N36="Air",N36="Rail"),"OK","Check") -> OK | BJ36: =IF(OR(M36="Domestic",M36="International"),"OK","Check") -> OK | BK36: =IF(OR(S36="Online Booking Tool",S36="TMC Assisted",S36="Direct Supplier",S36="Other"),"OK","Check") -> OK
A37: T00036 | B37: E0010 | C37: Aberdeen | D37: Risk Advisory | E37: Manager | F37: Recruitment / Interview | G37: 46128 | H37: 46152 | I37: 46157 | J37: 2026-05 | K37: Aberdeen | L37: Dublin | M37: International | N37: Air | O37: Economy | P37: 1404 | Q37: 24 | R37: =IF(Q37<=3,"0-3 days",IF(Q37<=7,"4-7 days",IF(Q37<=14,"8-14 days",IF(Q37<=30,"15-30 days","31+ days")))) -> 15-30 days | S37: Direct Supplier | T37: A01 | U37: H03 | V37: =IF(U37="","",IFERROR(VLOOKUP(U37,Hotels!A:B,2,FALSE),"Not Found")) -> IHG Hotels & Resorts | W37: 172.11 | X37: 0 | Y37: 4 | Z37: =IF(Y37>0,AA37/Y37,0) -> 162.8875 | AA37: 651.55 | AB37: 101.25 | AC37: 924.91 | AD37: No | AE37: No | AF37: =SUMIF('Trip Changes'!$B:$B,A37,'Trip Changes'!$E:$E) -> 0 | AG37: =SUMIF('Trip Cancellations'!$B:$B,A37,'Trip Cancellations'!$E:$E) -> 0 | AH37: =SUMIF('Trip Cancellations'!$B:$B,A37,'Trip Cancellations'!$F:$F) -> 0 | AI37: =AC37+AF37+AG37-AH37 -> 924.91 | AJ37: =IF(Y37=0,"N/A", IF(OR(L37="London",L37="Manchester",L37="Birmingham",L37="Edinburgh",L37="Glasgow", L37="New York",L37="Boston",L37="Chicago",L37="Zurich",L37="Singapore",L37="Hong Kong",L37="Dubai"), IF(Z37<=220,"Yes","No"), IF(Z37<=180,"Yes","No"))) -> Yes | AK37: =IF(Y37=0,"N/A", IF(_xlfn.XLOOKUP(U37,Hotels!A:A,Hotels!C:C)=TRUE,"Yes","No")) -> Yes | AL37: =IF(N37="Rail","N/A",IF(_xlfn.XLOOKUP(T37,Airlines!A:A,Airlines!C:C)=TRUE,"Yes","No")) -> Yes | AM37: =IF(OR( AND(N37="Air",O37="Economy"), AND(N37="Rail",O37="Standard / 2nd Class") ),"Yes","No") -> Yes | AN37: =IF(OR(S37="Online Booking Tool",S37="TMC Assisted"),"Yes","No") -> No | AO37: =IF(AND(OR(AK37="Yes",AK37="N/A"),OR(AL37="Yes",AL37="N/A")),"Yes","No") -> Yes | AP37: Yes | AQ37: =IF(AND(OR(AJ37="Yes",AJ37="N/A"),OR(AK37="Yes",AK37="N/A"),OR(AL37="Yes",AL37="N/A"),AM37="Yes",AN37="Yes"),"Yes","No") -> No | AR37: 4 | AS37: 210.6 | AT37: =IF(T37="","",_xlfn.XLOOKUP(T37,Airlines!A:A,Airlines!B:B,"Not Found")) -> British Airways | AU37: =IF(U37="","",_xlfn.XLOOKUP(U37,Hotels!A:A,Hotels!B:B,"Not found")) -> IHG Hotels & Resorts | AV37: No | AW37: =IF(OR(A37="",B37="",G37="",H37="",I37="",K37="",L37="",M37="",N37="",S37="",AC37="",AI37=""),"Check","OK") -> OK | AX37: =IF(AND(G37<=H37, H37<=I37),"OK","CHECK") -> OK | AY37: =IF(Q37=H37-G37,"OK","Check") -> OK | AZ37: =IF(ROUND(W37+X37+AA37+AB37,2)=ROUND(AC37,2),"OK","Check") -> OK | BA37: =IF(ROUND(AC37+AF37+AG37-AH37,2)=ROUND(AI37,2),"OK","Check") -> OK | BB37: =COUNTIF('Trip Changes'!B:B,A37) -> 0 | BC37: =IF(OR(AND(AD37="Yes",COUNTIF('Trip Changes'!B:B,A37)>0),AND(AD37="No",COUNTIF('Trip Changes'!B:B,A37)=0)),"OK","Check") -> OK | BD37: =IF(OR(AD37="Yes",AD37="No"),"OK","Check") -> OK | BE37: =IF(OR(AE37="Yes",AE37="No"),"OK","Check") -> OK | BF37: =IF(OR(AP37="Yes",AP37="No"),"OK","Check") -> OK | BG37: =IF(OR(AV37="Yes",AV37="No"),"OK","Check") -> OK | BH37: =IF(AND(ISNUMBER(AR37),AR37>=1,AR37<=5),"OK","Check") -> OK | BI37: =IF(OR(N37="Air",N37="Rail"),"OK","Check") -> OK | BJ37: =IF(OR(M37="Domestic",M37="International"),"OK","Check") -> OK | BK37: =IF(OR(S37="Online Booking Tool",S37="TMC Assisted",S37="Direct Supplier",S37="Other"),"OK","Check") -> OK
A38: T00037 | B38: E0010 | C38: Aberdeen | D38: Risk Advisory | E38: Manager | F38: Internal meeting | G38: 46145 | H38: 46147 | I38: 46150 | J38: 2026-05 | K38: Aberdeen | L38: Dublin | M38: International | N38: Air | O38: Economy | P38: 2610 | Q38: 2 | R38: =IF(Q38<=3,"0-3 days",IF(Q38<=7,"4-7 days",IF(Q38<=14,"8-14 days",IF(Q38<=30,"15-30 days","31+ days")))) -> 0-3 days | S38: Online Booking Tool | T38: A10 | U38: H01 | V38: =IF(U38="","",IFERROR(VLOOKUP(U38,Hotels!A:B,2,FALSE),"Not Found")) -> Marriott | W38: 448.21 | X38: 0 | Y38: 2 | Z38: =IF(Y38>0,AA38/Y38,0) -> 178.835 | AA38: 357.67 | AB38: 68 | AC38: 873.88 | AD38: No | AE38: No | AF38: =SUMIF('Trip Changes'!$B:$B,A38,'Trip Changes'!$E:$E) -> 0 | AG38: =SUMIF('Trip Cancellations'!$B:$B,A38,'Trip Cancellations'!$E:$E) -> 0 | AH38: =SUMIF('Trip Cancellations'!$B:$B,A38,'Trip Cancellations'!$F:$F) -> 0 | AI38: =AC38+AF38+AG38-AH38 -> 873.88 | AJ38: =IF(Y38=0,"N/A", IF(OR(L38="London",L38="Manchester",L38="Birmingham",L38="Edinburgh",L38="Glasgow", L38="New York",L38="Boston",L38="Chicago",L38="Zurich",L38="Singapore",L38="Hong Kong",L38="Dubai"), IF(Z38<=220,"Yes","No"), IF(Z38<=180,"Yes","No"))) -> Yes | AK38: =IF(Y38=0,"N/A", IF(_xlfn.XLOOKUP(U38,Hotels!A:A,Hotels!C:C)=TRUE,"Yes","No")) -> Yes | AL38: =IF(N38="Rail","N/A",IF(_xlfn.XLOOKUP(T38,Airlines!A:A,Airlines!C:C)=TRUE,"Yes","No")) -> Yes | AM38: =IF(OR( AND(N38="Air",O38="Economy"), AND(N38="Rail",O38="Standard / 2nd Class") ),"Yes","No") -> Yes | AN38: =IF(OR(S38="Online Booking Tool",S38="TMC Assisted"),"Yes","No") -> Yes | AO38: =IF(AND(OR(AK38="Yes",AK38="N/A"),OR(AL38="Yes",AL38="N/A")),"Yes","No") -> Yes | AP38: Yes | AQ38: =IF(AND(OR(AJ38="Yes",AJ38="N/A"),OR(AK38="Yes",AK38="N/A"),OR(AL38="Yes",AL38="N/A"),AM38="Yes",AN38="Yes"),"Yes","No") -> Yes | AR38: 4 | AS38: 391.5 | AT38: =IF(T38="","",_xlfn.XLOOKUP(T38,Airlines!A:A,Airlines!B:B,"Not Found")) -> Aer Lingus | AU38: =IF(U38="","",_xlfn.XLOOKUP(U38,Hotels!A:A,Hotels!B:B,"Not found")) -> Marriott | AV38: No | AW38: =IF(OR(A38="",B38="",G38="",H38="",I38="",K38="",L38="",M38="",N38="",S38="",AC38="",AI38=""),"Check","OK") -> OK | AX38: =IF(AND(G38<=H38, H38<=I38),"OK","CHECK") -> OK | AY38: =IF(Q38=H38-G38,"OK","Check") -> OK | AZ38: =IF(ROUND(W38+X38+AA38+AB38,2)=ROUND(AC38,2),"OK","Check") -> OK | BA38: =IF(ROUND(AC38+AF38+AG38-AH38,2)=ROUND(AI38,2),"OK","Check") -> OK | BB38: =COUNTIF('Trip Changes'!B:B,A38) -> 0 | BC38: =IF(OR(AND(AD38="Yes",COUNTIF('Trip Changes'!B:B,A38)>0),AND(AD38="No",COUNTIF('Trip Changes'!B:B,A38)=0)),"OK","Check") -> OK | BD38: =IF(OR(AD38="Yes",AD38="No"),"OK","Check") -> OK | BE38: =IF(OR(AE38="Yes",AE38="No"),"OK","Check") -> OK | BF38: =IF(OR(AP38="Yes",AP38="No"),"OK","Check") -> OK | BG38: =IF(OR(AV38="Yes",AV38="No"),"OK","Check") -> OK | BH38: =IF(AND(ISNUMBER(AR38),AR38>=1,AR38<=5),"OK","Check") -> OK | BI38: =IF(OR(N38="Air",N38="Rail"),"OK","Check") -> OK | BJ38: =IF(OR(M38="Domestic",M38="International"),"OK","Check") -> OK | BK38: =IF(OR(S38="Online Booking Tool",S38="TMC Assisted",S38="Direct Supplier",S38="Other"),"OK","Check") -> OK
A39: T00038 | B39: E0011 | C39: London | D39: Consulting | E39: Analyst | F39: Project work | G39: 46180 | H39: 46201 | I39: 46203 | J39: 2026-06 | K39: London | L39: Milan | M39: International | N39: Air | O39: Economy | P39: 3134 | Q39: 21 | R39: =IF(Q39<=3,"0-3 days",IF(Q39<=7,"4-7 days",IF(Q39<=14,"8-14 days",IF(Q39<=30,"15-30 days","31+ days")))) -> 15-30 days | S39: TMC Assisted | T39: A01 | U39: H03 | V39: =IF(U39="","",IFERROR(VLOOKUP(U39,Hotels!A:B,2,FALSE),"Not Found")) -> IHG Hotels & Resorts | W39: 454.32 | X39: 0 | Y39: 1 | Z39: =IF(Y39>0,AA39/Y39,0) -> 170.76 | AA39: 170.76 | AB39: 36.17 | AC39: 661.25 | AD39: No | AE39: Yes | AF39: =SUMIF('Trip Changes'!$B:$B,A39,'Trip Changes'!$E:$E) -> 0 | AG39: =SUMIF('Trip Cancellations'!$B:$B,A39,'Trip Cancellations'!$E:$E) -> 58.97 | AH39: =SUMIF('Trip Cancellations'!$B:$B,A39,'Trip Cancellations'!$F:$F) -> 312.54 | AI39: =AC39+AF39+AG39-AH39 -> 407.68 | AJ39: =IF(Y39=0,"N/A", IF(OR(L39="London",L39="Manchester",L39="Birmingham",L39="Edinburgh",L39="Glasgow", L39="New York",L39="Boston",L39="Chicago",L39="Zurich",L39="Singapore",L39="Hong Kong",L39="Dubai"), IF(Z39<=220,"Yes","No"), IF(Z39<=180,"Yes","No"))) -> Yes | AK39: =IF(Y39=0,"N/A", IF(_xlfn.XLOOKUP(U39,Hotels!A:A,Hotels!C:C)=TRUE,"Yes","No")) -> Yes | AL39: =IF(N39="Rail","N/A",IF(_xlfn.XLOOKUP(T39,Airlines!A:A,Airlines!C:C)=TRUE,"Yes","No")) -> Yes | AM39: =IF(OR( AND(N39="Air",O39="Economy"), AND(N39="Rail",O39="Standard / 2nd Class") ),"Yes","No") -> Yes | AN39: =IF(OR(S39="Online Booking Tool",S39="TMC Assisted"),"Yes","No") -> Yes | AO39: =IF(AND(OR(AK39="Yes",AK39="N/A"),OR(AL39="Yes",AL39="N/A")),"Yes","No") -> Yes | AP39: Yes | AQ39: =IF(AND(OR(AJ39="Yes",AJ39="N/A"),OR(AK39="Yes",AK39="N/A"),OR(AL39="Yes",AL39="N/A"),AM39="Yes",AN39="Yes"),"Yes","No") -> Yes | AR39: 3 | AS39: 470.1 | AT39: =IF(T39="","",_xlfn.XLOOKUP(T39,Airlines!A:A,Airlines!B:B,"Not Found")) -> British Airways | AU39: =IF(U39="","",_xlfn.XLOOKUP(U39,Hotels!A:A,Hotels!B:B,"Not found")) -> IHG Hotels & Resorts | AV39: Yes | AW39: =IF(OR(A39="",B39="",G39="",H39="",I39="",K39="",L39="",M39="",N39="",S39="",AC39="",AI39=""),"Check","OK") -> OK | AX39: =IF(AND(G39<=H39, H39<=I39),"OK","CHECK") -> OK | AY39: =IF(Q39=H39-G39,"OK","Check") -> OK | AZ39: =IF(ROUND(W39+X39+AA39+AB39,2)=ROUND(AC39,2),"OK","Check") -> OK | BA39: =IF(ROUND(AC39+AF39+AG39-AH39,2)=ROUND(AI39,2),"OK","Check") -> OK | BB39: =COUNTIF('Trip Changes'!B:B,A39) -> 0 | BC39: =IF(OR(AND(AD39="Yes",COUNTIF('Trip Changes'!B:B,A39)>0),AND(AD39="No",COUNTIF('Trip Changes'!B:B,A39)=0)),"OK","Check") -> OK | BD39: =IF(OR(AD39="Yes",AD39="No"),"OK","Check") -> OK | BE39: =IF(OR(AE39="Yes",AE39="No"),"OK","Check") -> OK | BF39: =IF(OR(AP39="Yes",AP39="No"),"OK","Check") -> OK | BG39: =IF(OR(AV39="Yes",AV39="No"),"OK","Check") -> OK | BH39: =IF(AND(ISNUMBER(AR39),AR39>=1,AR39<=5),"OK","Check") -> OK | BI39: =IF(OR(N39="Air",N39="Rail"),"OK","Check") -> OK | BJ39: =IF(OR(M39="Domestic",M39="International"),"OK","Check") -> OK | BK39: =IF(OR(S39="Online Booking Tool",S39="TMC Assisted",S39="Direct Supplier",S39="Other"),"OK","Check") -> OK
A40: T00039 | B40: E0011 | C40: London | D40: Consulting | E40: Analyst | F40: Training | G40: 46196 | H40: 46212 | I40: 46215 | J40: 2026-07 | K40: London | L40: New York | M40: International | N40: Air | O40: Economy | P40: 10758 | Q40: 16 | R40: =IF(Q40<=3,"0-3 days",IF(Q40<=7,"4-7 days",IF(Q40<=14,"8-14 days",IF(Q40<=30,"15-30 days","31+ days")))) -> 15-30 days | S40: TMC Assisted | T40: A07 | U40: H05 | V40: =IF(U40="","",IFERROR(VLOOKUP(U40,Hotels!A:B,2,FALSE),"Not Found")) -> Radisson Hotel Group | W40: 1112.13 | X40: 0 | Y40: 2 | Z40: =IF(Y40>0,AA40/Y40,0) -> 225.48 | AA40: 450.96 | AB40: 68.89 | AC40: 1631.98 | AD40: Yes | AE40: No | AF40: =SUMIF('Trip Changes'!$B:$B,A40,'Trip Changes'!$E:$E) -> 31.77 | AG40: =SUMIF('Trip Cancellations'!$B:$B,A40,'Trip Cancellations'!$E:$E) -> 0 | AH40: =SUMIF('Trip Cancellations'!$B:$B,A40,'Trip Cancellations'!$F:$F) -> 0 | AI40: =AC40+AF40+AG40-AH40 -> 1663.75 | AJ40: =IF(Y40=0,"N/A", IF(OR(L40="London",L40="Manchester",L40="Birmingham",L40="Edinburgh",L40="Glasgow", L40="New York",L40="Boston",L40="Chicago",L40="Zurich",L40="Singapore",L40="Hong Kong",L40="Dubai"), IF(Z40<=220,"Yes","No"), IF(Z40<=180,"Yes","No"))) -> No | AK40: =IF(Y40=0,"N/A", IF(_xlfn.XLOOKUP(U40,Hotels!A:A,Hotels!C:C)=TRUE,"Yes","No")) -> No | AL40: =IF(N40="Rail","N/A",IF(_xlfn.XLOOKUP(T40,Airlines!A:A,Airlines!C:C)=TRUE,"Yes","No")) -> Yes | AM40: =IF(OR( AND(N40="Air",O40="Economy"), AND(N40="Rail",O40="Standard / 2nd Class") ),"Yes","No") -> Yes | AN40: =IF(OR(S40="Online Booking Tool",S40="TMC Assisted"),"Yes","No") -> Yes | AO40: =IF(AND(OR(AK40="Yes",AK40="N/A"),OR(AL40="Yes",AL40="N/A")),"Yes","No") -> No | AP40: Yes | AQ40: =IF(AND(OR(AJ40="Yes",AJ40="N/A"),OR(AK40="Yes",AK40="N/A"),OR(AL40="Yes",AL40="N/A"),AM40="Yes",AN40="Yes"),"Yes","No") -> No | AR40: 3 | AS40: 1613.7 | AT40: =IF(T40="","",_xlfn.XLOOKUP(T40,Airlines!A:A,Airlines!B:B,"Not Found")) -> Virgin Atlantic | AU40: =IF(U40="","",_xlfn.XLOOKUP(U40,Hotels!A:A,Hotels!B:B,"Not found")) -> Radisson Hotel Group | AV40: Yes | AW40: =IF(OR(A40="",B40="",G40="",H40="",I40="",K40="",L40="",M40="",N40="",S40="",AC40="",AI40=""),"Check","OK") -> OK | AX40: =IF(AND(G40<=H40, H40<=I40),"OK","CHECK") -> OK | AY40: =IF(Q40=H40-G40,"OK","Check") -> OK | AZ40: =IF(ROUND(W40+X40+AA40+AB40,2)=ROUND(AC40,2),"OK","Check") -> OK | BA40: =IF(ROUND(AC40+AF40+AG40-AH40,2)=ROUND(AI40,2),"OK","Check") -> OK | BB40: =COUNTIF('Trip Changes'!B:B,A40) -> 1 | BC40: =IF(OR(AND(AD40="Yes",COUNTIF('Trip Changes'!B:B,A40)>0),AND(AD40="No",COUNTIF('Trip Changes'!B:B,A40)=0)),"OK","Check") -> OK | BD40: =IF(OR(AD40="Yes",AD40="No"),"OK","Check") -> OK | BE40: =IF(OR(AE40="Yes",AE40="No"),"OK","Check") -> OK | BF40: =IF(OR(AP40="Yes",AP40="No"),"OK","Check") -> OK | BG40: =IF(OR(AV40="Yes",AV40="No"),"OK","Check") -> OK | BH40: =IF(AND(ISNUMBER(AR40),AR40>=1,AR40<=5),"OK","Check") -> OK | BI40: =IF(OR(N40="Air",N40="Rail"),"OK","Check") -> OK | BJ40: =IF(OR(M40="Domestic",M40="International"),"OK","Check") -> OK | BK40: =IF(OR(S40="Online Booking Tool",S40="TMC Assisted",S40="Direct Supplier",S40="Other"),"OK","Check") -> OK
